"","date","cases_0_10","cases_11_to_17","cases_18_24","cases_25_34","cases_35_44","cases_45_54","cases_55_64","cases_65","cases_unknown","cases_0_17","cases_25_44","cases_45_64","new_cases_0_10","new_cases_11_to_17","new_cases_18_24","new_cases_25_34","new_cases_35_44","new_cases_45_54","new_cases_55_64","new_cases_65","new_cases_unknown","new_cases_0_17","new_cases_25_44","new_cases_45_64","deaths_0_10","deaths_11_to_17","deaths_18_24","deaths_25_34","deaths_35_44","deaths_45_54","deaths_55_64","deaths_65","deaths_unknown","deaths_0_17","deaths_25_44","deaths_45_64","new_deaths_0_10","new_deaths_11_to_17","new_deaths_18_24","new_deaths_25_34","new_deaths_35_44","new_deaths_45_54","new_deaths_55_64","new_deaths_65","new_deaths_unknown","new_deaths_0_17","new_deaths_25_44","new_deaths_45_64","new_cases_11_17","new_cases_0_10_2","new_cases_11_17_2","new_cases_18_24_2","new_cases_25_34_2","new_cases_35_44_2","new_cases_45_54_2","new_cases_55_64_2","new_cases_65_2","new_deaths_11_17"
"2","2020-10-12",5442,6565,14632,15971,14666,13302,10705,12204,0,NA,NA,NA,34,NA,74,105,108,93,86,118,NA,NA,NA,NA,0,0,3,22,42,100,229,1190,0,NA,NA,NA,0,NA,0,0,0,2,2,13,NA,NA,NA,NA,36,34,36,74,105,108,93,86,118,0
"1:1","2020-10-11",5408,6529,14558,15866,14558,13209,10619,12086,0,NA,NA,NA,35,42,88,109,99,82,70,88,0,NA,NA,NA,0,0,3,22,42,98,227,1177,0,NA,NA,NA,0,0,0,0,1,1,4,11,0,NA,NA,NA,NA,NA,NA,NA,NA,NA,NA,NA,NA,NA
"1:2","2020-10-10",5373,6487,14470,15757,14459,13127,10549,11998,0,NA,NA,NA,74,74,104,136,126,135,107,152,0,NA,NA,NA,0,0,3,22,41,97,223,1166,0,NA,NA,NA,0,0,0,0,1,1,2,18,0,NA,NA,NA,NA,NA,NA,NA,NA,NA,NA,NA,NA,NA
"1:3","2020-10-09",5299,6413,14366,15621,14333,12992,10442,11846,0,NA,NA,NA,72,87,169,193,153,143,173,177,0,NA,NA,NA,0,0,3,22,40,96,221,1148,0,NA,NA,NA,0,0,0,0,1,0,3,23,0,NA,NA,NA,NA,NA,NA,NA,NA,NA,NA,NA,NA,NA
"1:4","2020-10-08",5227,6326,14197,15428,14180,12849,10269,11669,0,NA,NA,NA,54,92,134,165,149,192,146,333,0,NA,NA,NA,0,0,3,22,39,96,218,1125,0,NA,NA,NA,0,0,0,0,0,0,0,21,0,NA,NA,NA,NA,NA,NA,NA,NA,NA,NA,NA,NA,NA
"1:5","2020-10-07",5173,6234,14063,15263,14031,12657,10123,11336,0,NA,NA,NA,45,66,118,103,120,108,110,139,0,NA,NA,NA,0,0,3,22,39,96,218,1104,0,NA,NA,NA,0,0,1,0,0,2,0,10,0,NA,NA,NA,NA,NA,NA,NA,NA,NA,NA,NA,NA,NA
"1:6","2020-10-06",5128,6168,13945,15160,13911,12549,10013,11197,0,NA,NA,NA,40,60,80,95,68,104,86,110,0,NA,NA,NA,0,0,2,22,39,94,218,1094,0,NA,NA,NA,0,0,0,0,1,1,3,17,0,NA,NA,NA,NA,NA,NA,NA,NA,NA,NA,NA,NA,NA
"1:7","2020-10-05",5088,6108,13865,15065,13843,12445,9927,11089,0,NA,NA,NA,33,32,53,58,59,50,57,75,0,NA,NA,NA,0,0,2,22,38,93,215,1077,0,NA,NA,NA,0,0,0,0,0,2,2,18,0,NA,NA,NA,NA,NA,NA,NA,NA,NA,NA,NA,NA,NA
"1:8","2020-10-04",5055,6076,13812,15007,13784,12395,9870,11014,0,NA,NA,NA,40,38,66,85,68,56,58,77,0,NA,NA,NA,0,0,2,22,38,91,213,1059,0,NA,NA,NA,0,0,0,0,0,0,3,15,0,NA,NA,NA,NA,NA,NA,NA,NA,NA,NA,NA,NA,NA
"1:9","2020-10-03",5015,6038,13746,14922,13716,12339,9812,10937,0,NA,NA,NA,48,60,97,100,121,111,93,116,0,NA,NA,NA,0,0,2,22,38,91,210,1044,0,NA,NA,NA,0,0,0,0,0,2,3,11,0,NA,NA,NA,NA,NA,NA,NA,NA,NA,NA,NA,NA,NA
"1:10","2020-10-02",4967,5978,13649,14822,13595,12228,9719,10821,0,NA,NA,NA,40,78,141,144,140,151,109,155,0,NA,NA,NA,0,0,2,22,38,89,207,1033,0,NA,NA,NA,0,0,0,0,1,0,1,5,0,NA,NA,NA,NA,NA,NA,NA,NA,NA,NA,NA,NA,NA
"1:11","2020-10-01",4927,5900,13508,14678,13455,12077,9610,10666,0,NA,NA,NA,56,97,155,172,141,141,143,219,0,NA,NA,NA,0,0,2,22,37,89,206,1028,0,NA,NA,NA,0,0,0,0,1,1,1,12,0,NA,NA,NA,NA,NA,NA,NA,NA,NA,NA,NA,NA,NA
"1:12","2020-09-30",4871,5803,13353,14506,13314,11936,9467,10447,0,NA,NA,NA,60,86,132,153,117,139,136,119,0,NA,NA,NA,0,0,2,22,36,88,205,1016,0,NA,NA,NA,0,0,0,0,0,1,3,15,0,NA,NA,NA,NA,NA,NA,NA,NA,NA,NA,NA,NA,NA
"1:13","2020-09-29",4811,5717,13221,14353,13197,11797,9331,10328,0,NA,NA,NA,38,54,110,105,104,99,91,105,0,NA,NA,NA,0,0,2,22,36,87,202,1001,0,NA,NA,NA,0,0,0,0,0,2,1,18,0,NA,NA,NA,NA,NA,NA,NA,NA,NA,NA,NA,NA,NA
"1:14","2020-09-28",4773,5663,13111,14248,13093,11698,9240,10223,0,NA,NA,NA,40,46,123,154,148,94,90,122,0,NA,NA,NA,0,0,2,22,36,85,201,983,0,NA,NA,NA,0,0,0,0,0,2,3,17,0,NA,NA,NA,NA,NA,NA,NA,NA,NA,NA,NA,NA,NA
"1:15","2020-09-27",4743,5617,12988,14094,12945,11604,9150,10101,0,NA,NA,NA,23,37,68,105,69,70,58,57,0,NA,NA,NA,0,0,2,22,36,83,199,966,0,NA,NA,NA,0,0,0,0,0,0,3,20,0,NA,NA,NA,NA,NA,NA,NA,NA,NA,NA,NA,NA,NA
"1:16","2020-09-26",4720,5580,12920,13989,12876,11534,9092,10044,0,NA,NA,NA,46,49,105,133,145,134,103,94,0,NA,NA,NA,0,0,2,22,36,83,196,946,0,NA,NA,NA,0,0,0,0,-1,1,1,18,0,NA,NA,NA,NA,NA,NA,NA,NA,NA,NA,NA,NA,NA
"1:17","2020-09-25",4674,5531,12815,13856,12731,11400,8989,9950,0,NA,NA,NA,53,92,148,143,120,118,89,134,0,NA,NA,NA,0,0,2,22,37,82,195,928,0,NA,NA,NA,0,0,0,0,0,0,1,19,0,NA,NA,NA,NA,NA,NA,NA,NA,NA,NA,NA,NA,NA
"1:18","2020-09-24",4621,5439,12667,13713,12611,11282,8900,9816,0,NA,NA,NA,40,93,202,150,142,141,130,188,0,NA,NA,NA,0,0,2,22,37,82,194,909,0,NA,NA,NA,0,0,0,0,1,0,3,13,0,NA,NA,NA,NA,NA,NA,NA,NA,NA,NA,NA,NA,NA
"1:19","2020-09-23",4581,5346,12465,13563,12469,11141,8770,9628,0,NA,NA,NA,54,77,164,146,131,152,110,148,0,NA,NA,NA,0,0,2,22,36,82,191,896,0,NA,NA,NA,0,0,0,1,0,2,3,14,0,NA,NA,NA,NA,NA,NA,NA,NA,NA,NA,NA,NA,NA
"1:20","2020-09-22",4527,5269,12301,13417,12338,10989,8660,9480,0,NA,NA,NA,42,31,120,104,83,89,61,87,0,NA,NA,NA,0,0,2,21,36,80,188,882,0,NA,NA,NA,0,0,0,0,0,1,2,9,0,NA,NA,NA,NA,NA,NA,NA,NA,NA,NA,NA,NA,NA
"1:21","2020-09-21",4485,5238,12181,13313,12255,10900,8599,9393,0,NA,NA,NA,46,70,109,95,77,69,73,102,0,NA,NA,NA,0,0,2,21,36,79,186,873,0,NA,NA,NA,0,0,0,0,2,0,1,13,0,NA,NA,NA,NA,NA,NA,NA,NA,NA,NA,NA,NA,NA
"1:22","2020-09-20",4439,5168,12072,13218,12178,10831,8526,9291,0,NA,NA,NA,19,52,92,85,102,83,57,73,0,NA,NA,NA,0,0,2,21,34,79,185,860,0,NA,NA,NA,0,0,0,0,0,0,0,0,0,NA,NA,NA,NA,NA,NA,NA,NA,NA,NA,NA,NA,NA
"1:23","2020-09-19",4420,5116,11980,13133,12076,10748,8469,9218,0,NA,NA,NA,64,117,274,136,142,120,112,113,0,NA,NA,NA,0,0,2,21,34,79,185,860,0,NA,NA,NA,0,0,0,0,0,0,0,8,0,NA,NA,NA,NA,NA,NA,NA,NA,NA,NA,NA,NA,NA
"1:24","2020-09-18",4356,4999,11706,12997,11934,10628,8357,9105,0,NA,NA,NA,35,66,166,154,133,118,99,100,0,NA,NA,NA,0,0,2,21,34,79,185,852,0,NA,NA,NA,0,0,0,0,0,0,0,7,0,NA,NA,NA,NA,NA,NA,NA,NA,NA,NA,NA,NA,NA
"1:25","2020-09-17",4321,4933,11540,12843,11801,10510,8258,9005,0,NA,NA,NA,47,88,235,142,121,120,108,121,0,NA,NA,NA,0,0,2,21,34,79,185,845,0,NA,NA,NA,0,0,0,2,0,0,1,6,0,NA,NA,NA,NA,NA,NA,NA,NA,NA,NA,NA,NA,NA
"1:26","2020-09-16",4274,4845,11305,12701,11680,10390,8150,8884,0,NA,NA,NA,46,65,109,95,107,100,92,108,0,NA,NA,NA,0,0,2,19,34,79,184,839,0,NA,NA,NA,0,0,0,0,1,0,3,3,0,NA,NA,NA,NA,NA,NA,NA,NA,NA,NA,NA,NA,NA
"1:27","2020-09-15",4228,4780,11196,12606,11573,10280,8058,8776,0,NA,NA,NA,40,70,165,85,94,106,114,196,0,NA,NA,NA,0,0,2,19,33,79,181,836,0,NA,NA,NA,0,0,1,3,4,8,25,117,0,NA,NA,NA,NA,NA,NA,NA,NA,NA,NA,NA,NA,NA
"1:28","2020-09-14",4188,4710,11031,12521,11479,10174,7944,8580,0,NA,NA,NA,25,24,78,54,49,54,54,70,0,NA,NA,NA,0,0,1,16,29,71,156,719,0,NA,NA,NA,0,0,0,0,0,1,1,9,0,NA,NA,NA,NA,NA,NA,NA,NA,NA,NA,NA,NA,NA
"1:29","2020-09-13",4163,4686,10953,12467,11430,10120,7890,8510,0,NA,NA,NA,23,32,119,80,56,55,45,99,0,NA,NA,NA,0,0,1,16,29,70,155,710,0,NA,NA,NA,0,0,0,0,0,2,0,10,0,NA,NA,NA,NA,NA,NA,NA,NA,NA,NA,NA,NA,NA
"1:30","2020-09-12",4140,4654,10834,12387,11374,10065,7845,8411,0,NA,NA,NA,-4446,-5657,-12458,-5103,3142,NA,NA,NA,NA,NA,NA,NA,0,0,1,16,29,68,155,700,0,NA,NA,NA,0,-1,-44,-205,-657,NA,NA,NA,NA,NA,NA,NA,NA,NA,NA,NA,NA,NA,NA,NA,NA,NA
"1:31","2020-09-11",NA,NA,10311,NA,NA,NA,NA,8232,NA,8586,23292,17490,NA,NA,316,NA,NA,NA,NA,145,NA,136,260,250,NA,NA,1,NA,NA,NA,NA,686,NA,0,45,221,NA,NA,0,NA,NA,NA,NA,11,NA,0,1,1,NA,NA,NA,NA,NA,NA,NA,NA,NA,NA
"1:32","2020-09-10",NA,NA,9995,NA,NA,NA,NA,8087,NA,8450,23032,17240,NA,NA,122,NA,NA,NA,NA,63,NA,50,93,70,NA,NA,1,NA,NA,NA,NA,675,NA,0,44,220,NA,NA,0,NA,NA,NA,NA,9,NA,0,1,2,NA,NA,NA,NA,NA,NA,NA,NA,NA,NA
"1:33","2020-09-09",NA,NA,9873,NA,NA,NA,NA,8024,NA,8400,22939,17170,NA,NA,99,NA,NA,NA,NA,46,NA,38,109,93,NA,NA,1,NA,NA,NA,NA,666,NA,0,43,218,NA,NA,0,NA,NA,NA,NA,8,NA,0,1,2,NA,NA,NA,NA,NA,NA,NA,NA,NA,NA
"1:34","2020-09-08",NA,NA,9774,NA,NA,NA,NA,7978,NA,8362,22830,17077,NA,NA,64,NA,NA,NA,NA,59,NA,31,65,75,NA,NA,1,NA,NA,NA,NA,658,NA,0,42,216,NA,NA,0,NA,NA,NA,NA,4,NA,0,0,5,NA,NA,NA,NA,NA,NA,NA,NA,NA,NA
"1:35","2020-09-07",NA,NA,9710,NA,NA,NA,NA,7919,NA,8331,22765,17002,NA,NA,83,NA,NA,NA,NA,68,NA,58,81,60,NA,NA,1,NA,NA,NA,NA,654,NA,0,42,211,NA,NA,0,NA,NA,NA,NA,13,NA,0,0,1,NA,NA,NA,NA,NA,NA,NA,NA,NA,NA
"1:36","2020-09-06",NA,NA,9627,NA,NA,NA,NA,7851,NA,8273,22684,16942,NA,NA,154,NA,NA,NA,NA,93,NA,90,200,150,NA,NA,1,NA,NA,NA,NA,641,NA,0,42,210,NA,NA,0,NA,NA,NA,NA,9,NA,0,0,3,NA,NA,NA,NA,NA,NA,NA,NA,NA,NA
"1:37","2020-09-05",NA,NA,9473,NA,NA,NA,NA,7758,NA,8183,22484,16792,NA,NA,207,NA,NA,NA,NA,57,NA,73,99,79,NA,NA,1,NA,NA,NA,NA,632,NA,0,42,207,NA,NA,0,NA,NA,NA,NA,8,NA,0,0,1,NA,NA,NA,NA,NA,NA,NA,NA,NA,NA
"1:38","2020-09-04",NA,NA,9266,NA,NA,NA,NA,7701,NA,8110,22385,16713,NA,NA,369,NA,NA,NA,NA,182,NA,93,228,222,NA,NA,1,NA,NA,NA,NA,624,NA,0,42,206,NA,NA,0,NA,NA,NA,NA,10,NA,0,0,2,NA,NA,NA,NA,NA,NA,NA,NA,NA,NA
"1:39","2020-09-03",NA,NA,8897,NA,NA,NA,NA,7519,NA,8017,22157,16491,NA,NA,342,NA,NA,NA,NA,106,NA,119,235,167,NA,NA,1,NA,NA,NA,NA,614,NA,0,42,204,NA,NA,0,NA,NA,NA,NA,17,NA,0,1,2,NA,NA,NA,NA,NA,NA,NA,NA,NA,NA
"1:40","2020-09-02",NA,NA,8555,NA,NA,NA,NA,7413,NA,7898,21922,16324,NA,NA,209,NA,NA,NA,NA,82,NA,66,130,128,NA,NA,1,NA,NA,NA,NA,597,NA,0,41,202,NA,NA,1,NA,NA,NA,NA,14,NA,0,2,10,NA,NA,NA,NA,NA,NA,NA,NA,NA,NA
"1:41","2020-09-01",NA,NA,8346,NA,NA,NA,NA,7331,NA,7832,21792,16196,NA,NA,55,NA,NA,NA,NA,31,NA,45,76,66,NA,NA,0,NA,NA,NA,NA,583,NA,0,39,192,NA,NA,0,NA,NA,NA,NA,14,NA,0,0,3,NA,NA,NA,NA,NA,NA,NA,NA,NA,NA
"1:42","2020-08-31",NA,NA,8291,NA,NA,NA,NA,7300,NA,7787,21716,16130,NA,NA,94,NA,NA,NA,NA,47,NA,45,108,74,NA,NA,0,NA,NA,NA,NA,569,NA,0,39,189,NA,NA,0,NA,NA,NA,NA,8,NA,0,1,4,NA,NA,NA,NA,NA,NA,NA,NA,NA,NA
"1:43","2020-08-30",NA,NA,8197,NA,NA,NA,NA,7253,NA,7742,21608,16056,NA,NA,77,NA,NA,NA,NA,78,NA,76,151,96,NA,NA,0,NA,NA,NA,NA,561,NA,0,38,185,NA,NA,0,NA,NA,NA,NA,9,NA,0,0,3,NA,NA,NA,NA,NA,NA,NA,NA,NA,NA
"1:44","2020-08-29",NA,NA,8120,NA,NA,NA,NA,7175,NA,7666,21457,15960,NA,NA,150,NA,NA,NA,NA,87,NA,78,284,196,NA,NA,0,NA,NA,NA,NA,552,NA,0,38,182,NA,NA,0,NA,NA,NA,NA,11,NA,0,1,4,NA,NA,NA,NA,NA,NA,NA,NA,NA,NA
"1:45","2020-08-28",NA,NA,7970,NA,NA,NA,NA,7088,NA,7588,21173,15764,NA,NA,107,NA,NA,NA,NA,117,NA,108,264,242,NA,NA,0,NA,NA,NA,NA,541,NA,0,37,178,NA,NA,0,NA,NA,NA,NA,10,NA,0,2,5,NA,NA,NA,NA,NA,NA,NA,NA,NA,NA
"1:46","2020-08-27",NA,NA,7863,NA,NA,NA,NA,6971,NA,7480,20909,15522,NA,NA,102,NA,NA,NA,NA,123,NA,107,211,179,NA,NA,0,NA,NA,NA,NA,531,NA,0,35,173,NA,NA,0,NA,NA,NA,NA,7,NA,0,0,0,NA,NA,NA,NA,NA,NA,NA,NA,NA,NA
"1:47","2020-08-26",NA,NA,7761,NA,NA,NA,NA,6848,NA,7373,20698,15343,NA,NA,82,NA,NA,NA,NA,119,NA,61,217,170,NA,NA,0,NA,NA,NA,NA,524,NA,0,35,173,NA,NA,0,NA,NA,NA,NA,18,NA,0,0,3,NA,NA,NA,NA,NA,NA,NA,NA,NA,NA
"1:48","2020-08-25",NA,NA,7679,NA,NA,NA,NA,6729,NA,7312,20481,15173,NA,NA,61,NA,NA,NA,NA,90,NA,13,185,131,NA,NA,0,NA,NA,NA,NA,506,NA,0,35,170,NA,NA,0,NA,NA,NA,NA,11,NA,0,0,4,NA,NA,NA,NA,NA,NA,NA,NA,NA,NA
"1:49","2020-08-24",NA,NA,7618,NA,NA,NA,NA,6639,NA,7299,20296,15042,NA,NA,51,NA,NA,NA,NA,85,NA,38,80,66,NA,NA,0,NA,NA,NA,NA,495,NA,0,35,166,NA,NA,0,NA,NA,NA,NA,8,NA,0,0,1,NA,NA,NA,NA,NA,NA,NA,NA,NA,NA
"1:50","2020-08-23",NA,NA,7567,NA,NA,NA,NA,6554,NA,7261,20216,14976,NA,NA,41,NA,NA,NA,NA,56,NA,70,116,92,NA,NA,0,NA,NA,NA,NA,487,NA,0,35,165,NA,NA,0,NA,NA,NA,NA,10,NA,0,0,3,NA,NA,NA,NA,NA,NA,NA,NA,NA,NA
"1:51","2020-08-22",NA,NA,7526,NA,NA,NA,NA,6498,NA,7191,20100,14884,NA,NA,60,NA,NA,NA,NA,80,NA,72,190,145,NA,NA,0,NA,NA,NA,NA,477,NA,0,35,162,NA,NA,0,NA,NA,NA,NA,10,NA,0,0,1,NA,NA,NA,NA,NA,NA,NA,NA,NA,NA
"1:52","2020-08-21",NA,NA,7466,NA,NA,NA,NA,6418,NA,7119,19910,14739,NA,NA,99,NA,NA,NA,NA,124,NA,173,262,229,NA,NA,0,NA,NA,NA,NA,467,NA,0,35,161,NA,NA,0,NA,NA,NA,NA,21,NA,0,1,0,NA,NA,NA,NA,NA,NA,NA,NA,NA,NA
"1:53","2020-08-20",NA,NA,7367,NA,NA,NA,NA,6294,NA,6946,19648,14510,NA,NA,42,NA,NA,NA,NA,90,NA,83,182,152,NA,NA,0,NA,NA,NA,NA,446,NA,0,34,161,NA,NA,0,NA,NA,NA,NA,8,NA,0,0,2,NA,NA,NA,NA,NA,NA,NA,NA,NA,NA
"1:54","2020-08-19",NA,NA,7325,NA,NA,NA,NA,6204,NA,6863,19466,14358,NA,NA,102,NA,NA,NA,NA,121,NA,100,218,188,NA,NA,0,NA,NA,NA,NA,438,NA,0,34,159,NA,NA,0,NA,NA,NA,NA,9,NA,0,0,3,NA,NA,NA,NA,NA,NA,NA,NA,NA,NA
"1:55","2020-08-18",NA,NA,7223,NA,NA,NA,NA,6083,NA,6763,19248,14170,NA,NA,55,NA,NA,NA,NA,74,NA,43,135,103,NA,NA,0,NA,NA,NA,NA,429,NA,0,34,156,NA,NA,0,NA,NA,NA,NA,8,NA,0,2,6,NA,NA,NA,NA,NA,NA,NA,NA,NA,NA
"1:56","2020-08-17",NA,NA,7168,NA,NA,NA,NA,6009,NA,6720,19113,14067,NA,NA,51,NA,NA,NA,NA,58,NA,74,129,1100,NA,NA,0,NA,NA,NA,NA,421,NA,0,32,150,NA,NA,0,NA,NA,NA,NA,3,NA,0,0,2,NA,NA,NA,NA,NA,NA,NA,NA,NA,NA
"1:57","2020-08-16",NA,NA,7117,NA,NA,NA,NA,5951,NA,6646,18984,12967,NA,NA,78,NA,NA,NA,NA,29,NA,86,287,155,NA,NA,0,NA,NA,NA,NA,419,NA,0,32,148,NA,NA,0,NA,NA,NA,NA,-1,NA,0,0,0,NA,NA,NA,NA,NA,NA,NA,NA,NA,NA
"1:58","2020-08-15",NA,NA,7039,NA,NA,NA,NA,5922,NA,6560,18697,13812,NA,NA,-91,NA,NA,NA,NA,-38,NA,-5,-148,-118,NA,NA,0,NA,NA,NA,NA,420,NA,0,32,148,NA,NA,0,NA,NA,NA,NA,11,NA,0,1,1,NA,NA,NA,NA,NA,NA,NA,NA,NA,NA
"1:59","2020-08-14",NA,NA,7130,NA,NA,NA,NA,5922,NA,6565,18845,13930,NA,NA,58,NA,NA,NA,NA,101,NA,85,222,160,NA,NA,0,NA,NA,NA,NA,409,NA,0,31,147,NA,NA,0,NA,NA,NA,NA,3,NA,0,0,2,NA,NA,NA,NA,NA,NA,NA,NA,NA,NA
"1:60","2020-08-13",NA,NA,7072,NA,NA,NA,NA,5821,NA,6480,18623,13770,NA,NA,99,NA,NA,NA,NA,101,NA,85,195,172,NA,NA,0,NA,NA,NA,NA,406,NA,0,31,145,NA,NA,0,NA,NA,NA,NA,7,NA,0,0,2,NA,NA,NA,NA,NA,NA,NA,NA,NA,NA
"1:61","2020-08-12",NA,NA,6973,NA,NA,NA,NA,5720,NA,6395,18428,13598,NA,NA,72,NA,NA,NA,NA,118,NA,88,209,216,NA,NA,0,NA,NA,NA,NA,399,NA,0,31,143,NA,NA,0,NA,NA,NA,NA,4,NA,0,1,2,NA,NA,NA,NA,NA,NA,NA,NA,NA,NA
"1:62","2020-08-11",NA,NA,6901,NA,NA,NA,NA,5602,NA,6307,18219,13382,NA,NA,55,NA,NA,NA,NA,62,NA,59,102,105,NA,NA,0,NA,NA,NA,NA,395,NA,0,30,141,NA,NA,0,NA,NA,NA,NA,8,NA,0,1,2,NA,NA,NA,NA,NA,NA,NA,NA,NA,NA
"1:63","2020-08-10",NA,NA,6846,NA,NA,NA,NA,5540,NA,6248,18117,13277,NA,NA,78,NA,NA,NA,NA,100,NA,89,217,161,NA,NA,0,NA,NA,NA,NA,387,NA,0,29,139,NA,NA,0,NA,NA,NA,NA,7,NA,0,0,4,NA,NA,NA,NA,NA,NA,NA,NA,NA,NA
"1:64","2020-08-09",NA,NA,6768,NA,NA,NA,NA,5440,NA,6159,17900,13116,NA,NA,64,NA,NA,NA,NA,59,NA,92,212,145,NA,NA,0,NA,NA,NA,NA,380,NA,0,29,135,NA,NA,0,NA,NA,NA,NA,6,NA,0,0,3,NA,NA,NA,NA,NA,NA,NA,NA,NA,NA
"1:65","2020-08-08",NA,NA,6704,NA,NA,NA,NA,5381,NA,6067,17688,12971,NA,NA,105,NA,NA,NA,NA,99,NA,78,267,223,NA,NA,0,NA,NA,NA,NA,374,NA,0,29,132,NA,NA,0,NA,NA,NA,NA,12,NA,0,0,2,NA,NA,NA,NA,NA,NA,NA,NA,NA,NA
"1:66","2020-08-07",NA,NA,6599,NA,NA,NA,NA,5282,NA,5989,17421,12748,NA,NA,141,NA,NA,NA,NA,121,NA,17,428,304,NA,NA,0,NA,NA,NA,NA,362,NA,0,29,130,NA,NA,0,NA,NA,NA,NA,3,NA,0,0,3,NA,NA,NA,NA,NA,NA,NA,NA,NA,NA
"1:67","2020-08-06",NA,NA,6458,NA,NA,NA,NA,5161,NA,5972,16993,12444,NA,NA,90,NA,NA,NA,NA,111,NA,89,255,190,NA,NA,0,NA,NA,NA,NA,359,NA,0,29,127,NA,NA,0,NA,NA,NA,NA,5,NA,0,1,1,NA,NA,NA,NA,NA,NA,NA,NA,NA,NA
"1:68","2020-08-05",NA,NA,6368,NA,NA,NA,NA,5050,NA,5883,16738,12254,NA,NA,127,NA,NA,NA,NA,109,NA,85,372,219,NA,NA,0,NA,NA,NA,NA,354,NA,0,28,126,NA,NA,0,NA,NA,NA,NA,11,NA,0,-1,11,NA,NA,NA,NA,NA,NA,NA,NA,NA,NA
"1:69","2020-08-04",NA,NA,6241,NA,NA,NA,NA,4941,NA,5798,16366,12035,NA,NA,109,NA,NA,NA,NA,95,NA,104,277,199,NA,NA,0,NA,NA,NA,NA,343,NA,0,29,115,NA,NA,0,NA,NA,NA,NA,8,NA,0,3,3,NA,NA,NA,NA,NA,NA,NA,NA,NA,NA
"1:70","2020-08-03",NA,NA,6132,NA,NA,NA,NA,4846,NA,5694,16089,11836,NA,NA,115,NA,NA,NA,NA,121,NA,83,242,226,NA,NA,0,NA,NA,NA,NA,334,NA,0,26,115,NA,NA,0,NA,NA,NA,NA,10,NA,0,0,1,NA,NA,NA,NA,NA,NA,NA,NA,NA,NA
"1:71","2020-08-02",NA,NA,6017,NA,NA,NA,NA,4725,NA,5611,15847,11610,NA,NA,86,NA,NA,NA,NA,74,NA,93,214,170,NA,NA,0,NA,NA,NA,NA,324,NA,0,26,114,NA,NA,0,NA,NA,NA,NA,5,NA,0,1,0,NA,NA,NA,NA,NA,NA,NA,NA,NA,NA
"1:72","2020-08-01",NA,NA,5931,NA,NA,NA,NA,4651,NA,5518,15633,11440,NA,NA,111,NA,NA,NA,NA,71,NA,72,264,145,NA,NA,0,NA,NA,NA,NA,319,NA,0,25,114,NA,NA,0,NA,NA,NA,NA,5,NA,0,0,0,NA,NA,NA,NA,NA,NA,NA,NA,NA,NA
"1:73","2020-07-31",NA,NA,5821,NA,NA,NA,NA,4580,NA,5446,15369,11295,NA,NA,89,NA,NA,NA,NA,103,NA,105,247,208,NA,NA,0,NA,NA,NA,NA,314,NA,0,25,114,NA,NA,0,NA,NA,NA,NA,7,NA,0,1,3,NA,NA,NA,NA,NA,NA,NA,NA,NA,NA
"1:74","2020-07-30",NA,NA,5732,NA,NA,NA,NA,4477,NA,5341,15122,11087,NA,NA,103,NA,NA,NA,NA,79,NA,100,298,211,NA,NA,0,NA,NA,NA,NA,307,NA,0,24,111,NA,NA,0,NA,NA,NA,NA,8,NA,0,0,0,NA,NA,NA,NA,NA,NA,NA,NA,NA,NA
"1:75","2020-07-29",NA,NA,5629,NA,NA,NA,NA,4398,NA,5241,14824,10876,NA,NA,123,NA,NA,NA,NA,108,NA,81,280,195,NA,NA,0,NA,NA,NA,NA,299,NA,0,24,111,NA,NA,0,NA,NA,NA,NA,4,NA,0,1,1,NA,NA,NA,NA,NA,NA,NA,NA,NA,NA
"1:76","2020-07-28",NA,NA,5506,NA,NA,NA,NA,4290,NA,5160,14544,10681,NA,NA,100,NA,NA,NA,NA,106,NA,81,234,210,NA,NA,0,NA,NA,NA,NA,295,NA,0,23,110,NA,NA,0,NA,NA,NA,NA,15,NA,0,0,5,NA,NA,NA,NA,NA,NA,NA,NA,NA,NA
"1:77","2020-07-27",NA,NA,5406,NA,NA,NA,NA,4184,NA,5079,14310,10471,NA,NA,134,NA,NA,NA,NA,95,NA,121,266,208,NA,NA,0,NA,NA,NA,NA,280,NA,0,23,105,NA,NA,0,NA,NA,NA,NA,6,NA,0,0,1,NA,NA,NA,NA,NA,NA,NA,NA,NA,NA
"1:78","2020-07-26",NA,NA,5272,NA,NA,NA,NA,4089,NA,4955,14044,10263,NA,NA,90,NA,NA,NA,NA,62,NA,108,213,169,NA,NA,0,NA,NA,NA,NA,274,NA,0,23,104,NA,NA,0,NA,NA,NA,NA,2,NA,0,0,0,NA,NA,NA,NA,NA,NA,NA,NA,NA,NA
"1:79","2020-07-25",NA,NA,5182,NA,NA,NA,NA,4027,NA,4847,13831,10094,NA,NA,99,NA,NA,NA,NA,83,NA,150,229,171,NA,NA,0,NA,NA,NA,NA,272,NA,0,23,104,NA,NA,0,NA,NA,NA,NA,2,NA,0,0,3,NA,NA,NA,NA,NA,NA,NA,NA,NA,NA
"1:80","2020-07-24",NA,NA,5083,NA,NA,NA,NA,3944,NA,4697,13602,9923,NA,NA,128,NA,NA,NA,NA,137,NA,177,300,248,NA,NA,0,NA,NA,NA,NA,270,NA,0,23,101,NA,NA,0,NA,NA,NA,NA,6,NA,0,1,1,NA,NA,NA,NA,NA,NA,NA,NA,NA,NA
"1:81","2020-07-23",NA,NA,4955,NA,NA,NA,NA,3807,NA,4520,13302,9675,NA,NA,148,NA,NA,NA,NA,129,NA,156,313,267,NA,NA,0,NA,NA,NA,NA,264,NA,0,22,100,NA,NA,0,NA,NA,NA,NA,6,NA,0,0,0,NA,NA,NA,NA,NA,NA,NA,NA,NA,NA
"1:82","2020-07-22",NA,NA,4807,NA,NA,NA,NA,3678,NA,4364,12989,9408,NA,NA,94,NA,NA,NA,NA,69,NA,107,179,142,NA,NA,0,NA,NA,NA,NA,258,NA,0,22,100,NA,NA,0,NA,NA,NA,NA,4,NA,0,2,0,NA,NA,NA,NA,NA,NA,NA,NA,NA,NA
"1:83","2020-07-21",NA,NA,4713,NA,NA,NA,NA,3609,NA,4257,12810,9266,NA,NA,95,NA,NA,NA,NA,77,NA,134,226,196,NA,NA,0,NA,NA,NA,NA,254,NA,0,20,100,NA,NA,0,NA,NA,NA,NA,6,NA,0,0,5,NA,NA,NA,NA,NA,NA,NA,NA,NA,NA
"1:84","2020-07-20",NA,NA,4618,NA,NA,NA,NA,3532,NA,4123,12584,9070,NA,NA,115,NA,NA,NA,NA,79,NA,118,197,190,NA,NA,0,NA,NA,NA,NA,248,NA,0,20,95,NA,NA,0,NA,NA,NA,NA,3,NA,0,1,2,NA,NA,NA,NA,NA,NA,NA,NA,NA,NA
"1:85","2020-07-19",NA,NA,4503,NA,NA,NA,NA,3453,NA,4005,12387,8880,NA,NA,84,NA,NA,NA,NA,81,NA,102,254,174,NA,NA,0,NA,NA,NA,NA,245,NA,0,19,93,NA,NA,0,NA,NA,NA,NA,0,NA,0,1,-1,NA,NA,NA,NA,NA,NA,NA,NA,NA,NA
"1:86","2020-07-18",NA,NA,4419,NA,NA,NA,NA,3372,NA,3903,12133,8706,NA,NA,113,NA,NA,NA,NA,85,NA,99,279,195,NA,NA,0,NA,NA,NA,NA,245,NA,0,18,94,NA,NA,0,NA,NA,NA,NA,2,NA,0,1,1,NA,NA,NA,NA,NA,NA,NA,NA,NA,NA
"1:87","2020-07-17",NA,NA,4306,NA,NA,NA,NA,3287,NA,3804,11854,8511,NA,NA,93,NA,NA,NA,NA,58,NA,81,258,158,NA,NA,0,NA,NA,NA,NA,243,NA,0,17,93,NA,NA,0,NA,NA,NA,NA,6,NA,0,1,5,NA,NA,NA,NA,NA,NA,NA,NA,NA,NA
"1:88","2020-07-16",NA,NA,4213,NA,NA,NA,NA,3229,NA,3723,11596,8353,NA,NA,126,NA,NA,NA,NA,93,NA,36,324,238,NA,NA,0,NA,NA,NA,NA,237,NA,0,16,88,NA,NA,0,NA,NA,NA,NA,3,NA,0,0,3,NA,NA,NA,NA,NA,NA,NA,NA,NA,NA
"1:89","2020-07-15",NA,NA,4087,NA,NA,NA,NA,3136,NA,3687,11272,8115,NA,NA,72,NA,NA,NA,NA,71,NA,59,218,144,NA,NA,0,NA,NA,NA,NA,234,NA,0,16,85,NA,NA,0,NA,NA,NA,NA,3,NA,0,0,1,NA,NA,NA,NA,NA,NA,NA,NA,NA,NA
"1:90","2020-07-14",NA,NA,4015,NA,NA,NA,NA,3065,NA,3628,11054,7971,NA,NA,117,NA,NA,NA,NA,100,NA,94,300,183,NA,NA,0,NA,NA,NA,NA,231,NA,0,16,84,NA,NA,0,NA,NA,NA,NA,6,NA,0,0,2,NA,NA,NA,NA,NA,NA,NA,NA,NA,NA
"1:91","2020-07-13",NA,NA,3898,NA,NA,NA,NA,2965,NA,3534,10754,7788,NA,NA,90,NA,NA,NA,NA,51,NA,65,208,158,NA,NA,0,NA,NA,NA,NA,225,NA,0,16,82,NA,NA,0,NA,NA,NA,NA,1,NA,0,0,1,NA,NA,NA,NA,NA,NA,NA,NA,NA,NA
"1:92","2020-07-12",NA,NA,3808,NA,NA,NA,NA,2914,NA,3469,10546,7630,NA,NA,80,NA,NA,NA,NA,44,NA,59,175,145,NA,NA,0,NA,NA,NA,NA,224,NA,0,16,81,NA,NA,0,NA,NA,NA,NA,1,NA,0,0,1,NA,NA,NA,NA,NA,NA,NA,NA,NA,NA
"1:93","2020-07-11",NA,NA,3728,NA,NA,NA,NA,2870,NA,3410,10371,7485,NA,NA,164,NA,NA,NA,NA,98,NA,87,427,285,NA,NA,0,NA,NA,NA,NA,223,NA,0,16,80,NA,NA,0,NA,NA,NA,NA,6,NA,-1,0,0,NA,NA,NA,NA,NA,NA,NA,NA,NA,NA
"1:94","2020-07-10",NA,NA,3564,NA,NA,NA,NA,2772,NA,3323,9944,7200,NA,NA,130,NA,NA,NA,NA,59,NA,-2,302,162,NA,NA,0,NA,NA,NA,NA,217,NA,1,16,80,NA,NA,0,NA,NA,NA,NA,1,NA,1,0,3,NA,NA,NA,NA,NA,NA,NA,NA,NA,NA
"1:95","2020-07-09",NA,NA,3434,NA,NA,NA,NA,2713,NA,3225,9642,7038,NA,NA,112,NA,NA,NA,NA,105,NA,83,283,223,NA,NA,0,NA,NA,NA,NA,216,NA,0,16,77,NA,NA,0,NA,NA,NA,NA,3,NA,0,0,1,NA,NA,NA,NA,NA,NA,NA,NA,NA,NA
"1:96","2020-07-08",NA,NA,3322,NA,NA,NA,NA,2608,NA,3142,9359,6815,NA,NA,115,NA,NA,NA,NA,68,NA,88,252,211,NA,NA,0,NA,NA,NA,NA,213,NA,0,16,76,NA,NA,0,NA,NA,NA,NA,1,NA,0,0,3,NA,NA,NA,NA,NA,NA,NA,NA,NA,NA
"1:97","2020-07-07",NA,NA,3207,NA,NA,NA,NA,2540,NA,3054,9107,6604,NA,NA,41,NA,NA,NA,NA,23,NA,7,118,70,NA,NA,0,NA,NA,NA,NA,212,NA,0,16,73,NA,NA,0,NA,NA,NA,NA,4,NA,0,0,5,NA,NA,NA,NA,NA,NA,NA,NA,NA,NA
"1:98","2020-07-06",NA,NA,3166,NA,NA,NA,NA,2517,NA,3047,8989,6534,NA,NA,62,NA,NA,NA,NA,58,NA,54,154,111,NA,NA,0,NA,NA,NA,NA,208,NA,0,16,68,NA,NA,0,NA,NA,NA,NA,3,NA,0,0,2,NA,NA,NA,NA,NA,NA,NA,NA,NA,NA
"1:99","2020-07-05",NA,NA,3104,NA,NA,NA,NA,2459,NA,2993,8835,6423,NA,NA,91,NA,NA,NA,NA,70,NA,84,225,135,NA,NA,0,NA,NA,NA,NA,205,NA,0,16,66,NA,NA,0,NA,NA,NA,NA,1,NA,0,0,0,NA,NA,NA,NA,NA,NA,NA,NA,NA,NA
"1:100","2020-07-04",NA,NA,3013,NA,NA,NA,NA,2389,NA,2909,8610,6288,NA,NA,79,NA,NA,NA,NA,54,NA,94,214,146,NA,NA,0,NA,NA,NA,NA,204,NA,0,16,66,NA,NA,0,NA,NA,NA,NA,4,NA,0,0,1,NA,NA,NA,NA,NA,NA,NA,NA,NA,NA
"1:101","2020-07-03",NA,NA,2934,NA,NA,NA,NA,2335,NA,2815,8396,6142,NA,NA,101,NA,NA,NA,NA,44,NA,61,193,148,NA,NA,0,NA,NA,NA,NA,200,NA,0,16,65,NA,NA,0,NA,NA,NA,NA,1,NA,0,0,1,NA,NA,NA,NA,NA,NA,NA,NA,NA,NA
"1:102","2020-07-02",NA,NA,2833,NA,NA,NA,NA,2291,NA,2754,8203,5994,NA,NA,129,NA,NA,NA,NA,90,NA,88,316,255,NA,NA,0,NA,NA,NA,NA,199,NA,0,16,64,NA,NA,0,NA,NA,NA,NA,0,NA,0,1,1,NA,NA,NA,NA,NA,NA,NA,NA,NA,NA
"1:103","2020-07-01",NA,NA,2704,NA,NA,NA,NA,2201,NA,2666,7887,5739,NA,NA,50,NA,NA,NA,NA,38,NA,44,163,125,NA,NA,0,NA,NA,NA,NA,199,NA,0,15,63,NA,NA,0,NA,NA,NA,NA,6,NA,0,0,1,NA,NA,NA,NA,NA,NA,NA,NA,NA,NA
"1:104","2020-06-30",NA,NA,2654,NA,NA,NA,NA,2163,NA,2622,7724,5614,NA,NA,79,NA,NA,NA,NA,30,NA,88,194,129,NA,NA,0,NA,NA,NA,NA,193,NA,0,15,62,NA,NA,0,NA,NA,NA,NA,4,NA,0,0,1,NA,NA,NA,NA,NA,NA,NA,NA,NA,NA
"1:105","2020-06-29",NA,NA,2575,NA,NA,NA,NA,2133,NA,2534,7530,5485,NA,NA,68,NA,NA,NA,NA,44,NA,43,161,123,NA,NA,0,NA,NA,NA,NA,189,NA,0,15,61,NA,NA,0,NA,NA,NA,NA,1,NA,0,0,0,NA,NA,NA,NA,NA,NA,NA,NA,NA,NA
"1:106","2020-06-28",NA,NA,2507,NA,NA,NA,NA,2089,NA,2491,7369,5362,NA,NA,63,NA,NA,NA,NA,73,NA,80,161,41,NA,NA,0,NA,NA,NA,NA,188,NA,0,15,61,NA,NA,0,NA,NA,NA,NA,3,NA,0,0,2,NA,NA,NA,NA,NA,NA,NA,NA,NA,NA
"1:107","2020-06-27",NA,NA,2444,NA,NA,NA,NA,2016,NA,2411,7208,5321,NA,NA,90,NA,NA,NA,NA,51,NA,69,210,150,NA,NA,0,NA,NA,NA,NA,185,NA,0,15,59,NA,NA,0,NA,NA,NA,NA,6,NA,0,1,3,NA,NA,NA,NA,NA,NA,NA,NA,NA,NA
"1:108","2020-06-26",NA,NA,2354,NA,NA,NA,NA,1965,NA,2342,6998,5081,NA,NA,124,NA,NA,NA,NA,60,NA,54,253,197,NA,NA,0,NA,NA,NA,NA,179,NA,0,14,56,NA,NA,0,NA,NA,NA,NA,8,NA,0,0,1,NA,NA,NA,NA,NA,NA,NA,NA,NA,NA
"1:109","2020-06-25",NA,NA,2230,NA,NA,NA,NA,1905,NA,2288,6745,4894,NA,NA,69,NA,NA,NA,NA,70,NA,324,120,104,NA,NA,0,NA,NA,NA,NA,171,NA,0,14,55,NA,NA,0,NA,NA,NA,NA,0,NA,0,0,0,NA,NA,NA,NA,NA,NA,NA,NA,NA,NA
"1:110","2020-06-24",NA,NA,2161,NA,NA,NA,NA,1835,NA,1964,6625,4790,NA,NA,121,NA,NA,NA,NA,68,NA,78,270,160,NA,NA,0,NA,NA,NA,NA,171,NA,0,14,55,NA,NA,0,NA,NA,NA,NA,1,NA,0,1,1,NA,NA,NA,NA,NA,NA,NA,NA,NA,NA
"1:111","2020-06-23",NA,NA,2040,NA,NA,NA,NA,1767,NA,1886,6355,4630,NA,NA,97,NA,NA,NA,NA,32,NA,64,279,123,NA,NA,0,NA,NA,NA,NA,170,NA,0,13,54,NA,NA,0,NA,NA,NA,NA,8,NA,0,0,2,NA,NA,NA,NA,NA,NA,NA,NA,NA,NA
"1:112","2020-06-22",NA,NA,1943,NA,NA,NA,NA,1735,NA,1822,6076,4507,NA,NA,93,NA,NA,NA,NA,44,NA,60,195,130,NA,NA,0,NA,NA,NA,NA,162,NA,0,13,52,NA,NA,0,NA,NA,NA,NA,2,NA,0,0,0,NA,NA,NA,NA,NA,NA,NA,NA,NA,NA
"1:113","2020-06-21",NA,NA,1850,NA,NA,NA,NA,1691,NA,1762,5881,4377,NA,NA,67,NA,NA,NA,NA,37,NA,80,140,95,NA,NA,0,NA,NA,NA,NA,160,NA,0,13,52,NA,NA,0,NA,NA,NA,NA,0,NA,0,0,1,NA,NA,NA,NA,NA,NA,NA,NA,NA,NA
"1:114","2020-06-20",NA,NA,1783,NA,NA,NA,NA,1654,NA,1682,5741,4282,NA,NA,86,NA,NA,NA,NA,39,NA,72,194,120,NA,NA,0,NA,NA,NA,NA,160,NA,0,13,51,NA,NA,0,NA,NA,NA,NA,8,NA,0,1,1,NA,NA,NA,NA,NA,NA,NA,NA,NA,NA
"1:115","2020-06-19",NA,NA,1697,NA,NA,NA,NA,1615,NA,1610,5547,4162,NA,NA,98,NA,NA,NA,NA,51,NA,96,276,182,NA,NA,0,NA,NA,NA,NA,152,NA,0,12,50,NA,NA,0,NA,NA,NA,NA,3,NA,0,0,3,NA,NA,NA,NA,NA,NA,NA,NA,NA,NA
"1:116","2020-06-18",NA,NA,1599,NA,NA,NA,NA,1564,NA,1514,5271,3980,NA,NA,57,NA,NA,NA,NA,20,NA,22,153,70,NA,NA,0,NA,NA,NA,NA,149,NA,0,12,47,NA,NA,0,NA,NA,NA,NA,10,NA,0,0,1,NA,NA,NA,NA,NA,NA,NA,NA,NA,NA
"1:117","2020-06-17",NA,NA,1542,NA,NA,NA,NA,1544,NA,1492,5118,3910,NA,NA,79,NA,NA,NA,NA,37,NA,41,151,107,NA,NA,0,NA,NA,NA,NA,139,NA,0,12,46,NA,NA,0,NA,NA,NA,NA,5,NA,0,1,3,NA,NA,NA,NA,NA,NA,NA,NA,NA,NA
"1:118","2020-06-16",NA,NA,1463,NA,NA,NA,NA,1507,NA,1451,4967,3803,NA,NA,33,NA,NA,NA,NA,33,NA,35,86,87,NA,NA,0,NA,NA,NA,NA,134,NA,0,11,43,NA,NA,0,NA,NA,NA,NA,4,NA,0,1,1,NA,NA,NA,NA,NA,NA,NA,NA,NA,NA
"1:119","2020-06-15",NA,NA,1430,NA,NA,NA,NA,1474,NA,1416,4881,3716,NA,NA,52,NA,NA,NA,NA,31,NA,79,149,105,NA,NA,0,NA,NA,NA,NA,130,NA,0,10,42,NA,NA,0,NA,NA,NA,NA,1,NA,0,0,2,NA,NA,NA,NA,NA,NA,NA,NA,NA,NA
"1:120","2020-06-14",NA,NA,1378,NA,NA,NA,NA,1443,NA,1337,4732,3611,NA,NA,51,NA,NA,NA,NA,30,NA,52,179,94,NA,NA,0,NA,NA,NA,NA,129,NA,0,10,40,NA,NA,0,NA,NA,NA,NA,1,NA,0,0,1,NA,NA,NA,NA,NA,NA,NA,NA,NA,NA
"1:121","2020-06-13",NA,NA,1327,NA,NA,NA,NA,1413,NA,1285,4553,3517,NA,NA,73,NA,NA,NA,NA,42,NA,-8,251,190,NA,NA,0,NA,NA,NA,NA,128,NA,0,10,39,NA,NA,0,NA,NA,NA,NA,1,NA,0,-1,1,NA,NA,NA,NA,NA,NA,NA,NA,NA,NA
"1:122","2020-06-12",NA,NA,1254,NA,NA,NA,NA,1371,NA,1293,4302,3327,NA,NA,83,NA,NA,NA,NA,45,NA,192,246,165,NA,NA,0,NA,NA,NA,NA,127,NA,0,11,38,NA,NA,0,NA,NA,NA,NA,2,NA,0,2,1,NA,NA,NA,NA,NA,NA,NA,NA,NA,NA
"1:123","2020-06-11",NA,NA,1171,NA,NA,NA,NA,1326,NA,1101,4056,3162,NA,NA,66,NA,NA,NA,NA,38,NA,91,132,121,NA,NA,0,NA,NA,NA,NA,125,NA,0,9,37,NA,NA,0,NA,NA,NA,NA,4,NA,0,1,1,NA,NA,NA,NA,NA,NA,NA,NA,NA,NA
"1:124","2020-06-10",NA,NA,1105,NA,NA,NA,NA,1288,NA,1010,3924,3041,NA,NA,31,NA,NA,NA,NA,26,NA,35,113,83,NA,NA,0,NA,NA,NA,NA,121,NA,0,8,36,NA,NA,0,NA,NA,NA,NA,4,NA,0,0,0,NA,NA,NA,NA,NA,NA,NA,NA,NA,NA
"1:125","2020-06-09",NA,NA,1074,NA,NA,NA,NA,1262,NA,975,3811,2958,NA,NA,36,NA,NA,NA,NA,33,NA,51,132,88,NA,NA,0,NA,NA,NA,NA,117,NA,0,8,36,NA,NA,0,NA,NA,NA,NA,5,NA,0,0,1,NA,NA,NA,NA,NA,NA,NA,NA,NA,NA
"1:126","2020-06-08",NA,NA,1038,NA,NA,NA,NA,1229,NA,924,3679,2870,NA,NA,41,NA,NA,NA,NA,23,NA,56,113,81,NA,NA,0,NA,NA,NA,NA,112,NA,0,8,35,NA,NA,0,NA,NA,NA,NA,0,NA,0,0,1,NA,NA,NA,NA,NA,NA,NA,NA,NA,NA
"1:127","2020-06-07",NA,NA,997,NA,NA,NA,NA,1206,NA,868,3566,2789,NA,NA,54,NA,NA,NA,NA,24,NA,67,107,73,NA,NA,0,NA,NA,NA,NA,112,NA,0,8,34,NA,NA,0,NA,NA,NA,NA,0,NA,0,0,0,NA,NA,NA,NA,NA,NA,NA,NA,NA,NA
"1:128","2020-06-06",NA,NA,943,NA,NA,NA,NA,1182,NA,801,3459,2716,NA,NA,38,NA,NA,NA,NA,49,NA,72,141,150,NA,NA,0,NA,NA,NA,NA,112,NA,0,8,34,NA,NA,0,NA,NA,NA,NA,1,NA,0,1,0,NA,NA,NA,NA,NA,NA,NA,NA,NA,NA
"1:129","2020-06-05",NA,NA,905,NA,NA,NA,NA,1133,NA,729,3318,2566,NA,NA,42,NA,NA,NA,NA,18,NA,34,79,53,NA,NA,0,NA,NA,NA,NA,111,NA,0,7,34,NA,NA,0,NA,NA,NA,NA,1,NA,0,0,0,NA,NA,NA,NA,NA,NA,NA,NA,NA,NA
"1:130","2020-06-04",NA,NA,863,NA,NA,NA,NA,1115,NA,695,3239,2513,NA,NA,40,NA,NA,NA,NA,28,NA,56,139,95,NA,NA,0,NA,NA,NA,NA,110,NA,0,7,34,NA,NA,0,NA,NA,NA,NA,7,NA,-1,1,2,NA,NA,NA,NA,NA,NA,NA,NA,NA,NA
"1:131","2020-06-03",NA,NA,823,NA,NA,NA,NA,1087,NA,639,3100,2418,NA,NA,23,NA,NA,NA,NA,25,NA,66,83,52,NA,NA,0,NA,NA,NA,NA,103,NA,1,6,32,NA,NA,0,NA,NA,NA,NA,2,NA,1,1,2,NA,NA,NA,NA,NA,NA,NA,NA,NA,NA
"1:132","2020-06-02",NA,NA,800,NA,NA,NA,NA,1062,NA,573,3017,2366,NA,NA,48,NA,NA,NA,NA,49,NA,48,143,87,NA,NA,0,NA,NA,NA,NA,101,NA,0,5,30,NA,NA,0,NA,NA,NA,NA,3,NA,0,0,0,NA,NA,NA,NA,NA,NA,NA,NA,NA,NA
"1:133","2020-06-01",NA,NA,752,NA,NA,NA,NA,1013,NA,525,2874,2279,NA,NA,23,NA,NA,NA,NA,28,NA,30,60,49,NA,NA,0,NA,NA,NA,NA,98,NA,0,5,30,NA,NA,0,NA,NA,NA,NA,0,NA,0,0,0,NA,NA,NA,NA,NA,NA,NA,NA,NA,NA
"1:134","2020-05-31",NA,NA,729,NA,NA,NA,NA,985,NA,495,2814,2230,NA,NA,40,NA,NA,NA,NA,20,NA,34,77,69,NA,NA,0,NA,NA,NA,NA,98,NA,0,5,30,NA,NA,0,NA,NA,NA,NA,0,NA,0,0,0,NA,NA,NA,NA,NA,NA,NA,NA,NA,NA
"1:135","2020-05-30",NA,NA,689,NA,NA,NA,NA,965,NA,461,2737,2161,NA,NA,75,NA,NA,NA,NA,45,NA,66,183,106,NA,NA,0,NA,NA,NA,NA,98,NA,0,5,30,NA,NA,0,NA,NA,NA,NA,6,NA,0,1,1,NA,NA,NA,NA,NA,NA,NA,NA,NA,NA
"1:136","2020-05-28",NA,NA,614,NA,NA,NA,NA,920,NA,395,2554,2055,NA,NA,NA,NA,NA,NA,NA,NA,NA,NA,NA,NA,NA,NA,0,NA,NA,NA,NA,92,NA,0,4,29,NA,NA,NA,NA,NA,NA,NA,NA,NA,NA,NA,NA,NA,NA,NA,NA,NA,NA,NA,NA,NA,NA
