"","date","type","name","active_cases","cumulative_faculty_staff_cases","cumulative_student_cases","cumulative_total","all_faculty_staff_total","all_student_total","district","district_lea","district_description","x2_or_more_races_total","asian_total","black_total","hispanic_total","native_american_native_alaskan_total","native_hawaiian_pacific_islander_total","white_total","student_total","Pct_Hispanic","Pct_White","Pct_Black","Student_Covid_Per1000","Active_Covid_Per1000"
"1",2021-08-26,"PUBLIC SCHOOL DISTRICT","BENTONVILLE SCHOOL DIST",125,29,170,248,NA,NA,"bentonville_school_dist",401000,"BENTONVILLE SCHOOL DISTRICT",839,1388,562,2095,224,95,12767,17970,0.12,0.71,0.03,9.46,6.96
"2",2021-08-26,"PUBLIC SCHOOL DISTRICT","SPRINGDALE SCHOOL DIST",124,30,174,240,NA,NA,"springdale_school_dist",7207000,"SPRINGDALE SCHOOL DISTRICT",392,321,480,10481,113,2997,7098,21882,0.48,0.32,0.02,7.95,5.67
"3",2021-08-26,"PUBLIC SCHOOL DISTRICT","ROGERS SCHOOL DIST",114,31,122,203,NA,NA,"rogers_school_dist",405000,"ROGERS SCHOOL DISTRICT",469,290,234,7332,95,333,6602,15355,0.48,0.43,0.02,7.95,7.42
"4",2021-08-26,"PUBLIC SCHOOL DISTRICT","CABOT SCHOOL DIST",107,13,119,191,NA,NA,"cabot_school_dist",4304000,"CABOT SCHOOL DISTRICT",612,142,269,671,36,19,8422,10171,0.07,0.83,0.03,11.7,10.52
"5",2021-08-26,"PUBLIC SCHOOL DISTRICT","FORT SMITH SCHOOL DIST",104,44,122,199,NA,NA,"fort_smith_school_dist",6601000,"FORT SMITH SCHOOL DISTRICT",1290,737,1504,4703,124,17,5464,13839,0.34,0.39,0.11,8.82,7.51
"6",2021-08-26,"PUBLIC SCHOOL DISTRICT","LITTLE ROCK SCHOOL DIST",75,17,113,159,NA,NA,"little_rock_school_dist",6001000,"LITTLE ROCK SCHOOL DISTRICT",169,691,12557,3247,69,22,3990,20745,0.16,0.19,0.61,5.45,3.62
"7",2021-08-26,"PUBLIC SCHOOL DISTRICT","JONESBORO SCHOOL DIST",60,8,75,94,NA,NA,"jonesboro_school_dist",1608000,"JONESBORO SCHOOL DISTRICT",308,38,2960,903,9,0,2123,6341,0.14,0.33,0.47,11.83,9.46
"8",2021-08-26,"PUBLIC SCHOOL DISTRICT","CONWAY SCHOOL DIST",56,11,76,103,NA,NA,"conway_school_dist",2301000,"CONWAY SCHOOL DISTRICT",460,165,2887,1094,18,5,5220,9849,0.11,0.53,0.29,7.72,5.69
"9",2021-08-26,"PUBLIC SCHOOL DISTRICT","PARAGOULD SCHOOL DIST",55,7,53,88,NA,NA,"paragould_school_dist",2808000,"PARAGOULD SCHOOL DISTRICT",108,15,235,200,8,68,2437,3071,0.07,0.79,0.08,17.26,17.91
"10",2021-08-26,"PUBLIC SCHOOL DISTRICT","MARION SCHOOL DIST",54,14,119,184,NA,NA,"marion_school_dist",1804000,"MARION SCHOOL DISTRICT",128,35,2181,248,5,0,1314,3911,0.06,0.34,0.56,30.43,13.81
"11",2021-08-26,"PUBLIC SCHOOL DISTRICT","VAN BUREN SCHOOL DIST",43,11,41,62,NA,NA,"van_buren_school_dist",1705000,"VAN BUREN SCHOOL DISTRICT",380,132,155,1021,76,8,3634,5406,0.19,0.67,0.03,7.58,7.95
"12",2021-08-26,"PUBLIC SCHOOL DISTRICT","BRYANT SCHOOL DIST",41,11,62,96,NA,NA,"bryant_school_dist",6303000,"BRYANT SCHOOL DISTRICT",208,179,1677,1417,12,7,5714,9214,0.15,0.62,0.18,6.73,4.45
"13",2021-08-26,"PUBLIC SCHOOL DISTRICT","NETTLETON SCHOOL DIST",38,7,39,63,NA,NA,"nettleton_school_dist",1611000,"NETTLETON SCHOOL DISTRICT",169,47,1697,338,7,5,1148,3411,0.1,0.34,0.5,11.43,11.14
"14",2021-08-26,"PUBLIC SCHOOL DISTRICT","PULASKI COUNTY SPECIAL SCHOOL DIST",36,13,58,89,NA,NA,"pulaski_county_special_school_dist",6003000,"PULASKI COUNTY SPECIAL SCHOOL DISTRICT",433,290,5075,1098,48,5,4475,11424,0.1,0.39,0.44,5.08,3.15
"15",2021-08-26,"PUBLIC SCHOOL DISTRICT","GREENE COUNTY TECH SCHOOL DIST",35,13,45,69,NA,NA,"greene_county_tech_school_dist",2807000,"GREENE COUNTY TECH SCHOOL DISTRICT",13,22,83,114,9,24,3260,3525,0.03,0.92,0.02,12.77,9.93
"16",2021-08-26,"PUBLIC SCHOOL DISTRICT","HEBER SPRINGS SCHOOL DIST",34,NA,NA,40,NA,NA,"heber_springs_school_dist",1202000,"HEBER SPRINGS SCHOOL DISTRICT",34,9,8,74,5,1,1406,1537,0.05,0.91,0.01,NA,22.12
"17",2021-08-26,"PUBLIC SCHOOL DISTRICT","WEST MEMPHIS SCHOOL DIST",34,7,42,60,NA,NA,"west_memphis_school_dist",1803000,"WEST MEMPHIS SCHOOL DISTRICT",63,13,3843,91,1,0,1049,5060,0.02,0.21,0.76,8.3,6.72
"18",2021-08-26,"PUBLIC SCHOOL DISTRICT","BATESVILLE SCHOOL DIST",31,7,44,54,NA,NA,"batesville_school_dist",3201000,"BATESVILLE SCHOOL DISTRICT",67,42,182,784,10,7,1967,3059,0.26,0.64,0.06,14.38,10.13
"19",2021-08-26,"PUBLIC SCHOOL DISTRICT","BROOKLAND SCHOOL DIST",31,NA,NA,48,NA,NA,"brookland_school_dist",1603000,"BROOKLAND SCHOOL DISTRICT",48,14,80,124,3,0,2488,2757,0.04,0.9,0.03,NA,11.24
"20",2021-08-26,"PUBLIC SCHOOL DISTRICT","MOUNTAIN HOME SCHOOL DIST",30,14,55,78,NA,NA,"mountain_home_school_dist",303000,"MOUNTAIN HOME SCHOOL DISTRICT",132,26,12,172,18,9,3512,3881,0.04,0.9,0,14.17,7.73
"21",2021-08-26,"PUBLIC SCHOOL DISTRICT","DEQUEEN SCHOOL DIST",29,NA,NA,37,NA,NA,"dequeen_school_dist",6701000,"DEQUEEN SCHOOL DISTRICT",56,13,57,1408,30,84,647,2295,0.61,0.28,0.02,NA,12.64
"22",2021-08-26,"PUBLIC SCHOOL DISTRICT","HAMBURG SCHOOL DIST",29,NA,NA,37,NA,NA,"hamburg_school_dist",203000,"HAMBURG SCHOOL DISTRICT",29,1,317,305,1,0,963,1616,0.19,0.6,0.2,NA,17.95
"23",2021-08-26,"PUBLIC SCHOOL DISTRICT","SEARCY SCHOOL DIST",29,11,86,107,NA,NA,"searcy_school_dist",7311000,"SEARCY SCHOOL DISTRICT",273,55,410,410,3,0,2796,3947,0.1,0.71,0.1,21.79,7.35
"24",2021-08-26,"PUBLIC SCHOOL DISTRICT","NASHVILLE SCHOOL DIST",28,0,37,40,NA,NA,"nashville_school_dist",3105000,"NASHVILLE SCHOOL DISTRICT",21,7,423,437,4,3,983,1878,0.23,0.52,0.23,19.7,14.91
"25",2021-08-26,"PUBLIC SCHOOL DISTRICT","JACKSONVILLE NORTH PULASKI SCHOOL DIST",27,NA,NA,44,NA,NA,"jacksonville_north_pulaski_school_dist",6004000,"JACKSONVILLE NORTH PULASKI SCHOOL DISTRICT",155,32,2004,289,18,5,1278,3781,0.08,0.34,0.53,NA,7.14
"26",2021-08-26,"PUBLIC SCHOOL DISTRICT","NORTH LITTLE ROCK SCHOOL DIST",27,10,46,68,NA,NA,"north_little_rock_school_dist",6002000,"NORTH LITTLE ROCK SCHOOL DISTRICT",173,81,4524,767,53,4,2008,7610,0.1,0.26,0.59,6.04,3.55
"27",2021-08-26,"PUBLIC SCHOOL DISTRICT","GRAVETTE SCHOOL DIST",26,5,22,33,NA,NA,"gravette_school_dist",404000,"GRAVETTE SCHOOL DISTRICT",75,25,7,138,44,9,1562,1860,0.07,0.84,0,11.83,13.98
"28",2021-08-26,"PUBLIC SCHOOL DISTRICT","ALMA SCHOOL DIST",24,0,21,30,NA,NA,"alma_school_dist",1701000,"ALMA SCHOOL DISTRICT",205,18,47,143,65,2,2770,3250,0.04,0.85,0.01,6.46,7.38
"29",2021-08-26,"PUBLIC SCHOOL DISTRICT","FARMINGTON SCHOOL DIST",24,NA,NA,45,NA,NA,"farmington_school_dist",7202000,"FARMINGTON SCHOOL DISTRICT",158,13,78,234,17,3,2069,2572,0.09,0.8,0.03,NA,9.33
"30",2021-08-26,"PUBLIC SCHOOL DISTRICT","WYNNE SCHOOL DIST",24,12,26,48,NA,NA,"wynne_school_dist",1905000,"WYNNE SCHOOL DISTRICT",35,29,784,74,4,0,1642,2568,0.03,0.64,0.31,10.12,9.35
"31",2021-08-26,"PUBLIC SCHOOL DISTRICT","CLARKSVILLE SCHOOL DIST",23,6,29,42,NA,NA,"clarksville_school_dist",3601000,"CLARKSVILLE SCHOOL DISTRICT",100,202,27,875,6,14,1212,2436,0.36,0.5,0.01,11.9,9.44
"32",2021-08-26,"PUBLIC SCHOOL DISTRICT","FAYETTEVILLE SCHOOL DIST",23,12,66,79,NA,NA,"fayetteville_school_dist",7203000,"FAYETTEVILLE SCHOOL DISTRICT",787,299,981,1245,37,152,6650,10151,0.12,0.66,0.1,6.5,2.27
"33",2021-08-26,"PUBLIC SCHOOL DISTRICT","HARRISBURG SCHOOL DIST",23,8,17,37,NA,NA,"harrisburg_school_dist",5602000,"HARRISBURG SCHOOL DISTRICT",12,1,37,48,4,0,997,1099,0.04,0.91,0.03,15.47,20.93
"34",2021-08-26,"PUBLIC SCHOOL DISTRICT","RUSSELLVILLE SCHOOL DIST",23,14,39,59,NA,NA,"russellville_school_dist",5805000,"RUSSELLVILLE SCHOOL DISTRICT",258,77,335,1333,11,8,3190,5212,0.26,0.61,0.06,7.48,4.41
"35",2021-08-26,"PUBLIC SCHOOL DISTRICT","HUNTSVILLE SCHOOL DIST",22,NA,NA,35,NA,NA,"huntsville_school_dist",4401000,"HUNTSVILLE SCHOOL DISTRICT",62,14,6,232,15,83,1770,2182,0.11,0.81,0,NA,10.08
"36",2021-08-26,"PUBLIC SCHOOL DISTRICT","LAKE HAMILTON SCHOOL DIST",22,8,58,70,NA,NA,"lake_hamilton_school_dist",2605000,"LAKE HAMILTON SCHOOL DISTRICT",271,22,158,533,19,3,3245,4251,0.13,0.76,0.04,13.64,5.18
"37",2021-08-26,"PUBLIC SCHOOL DISTRICT","SHERIDAN SCHOOL DIST",21,12,39,57,NA,NA,"sheridan_school_dist",2705000,"SHERIDAN SCHOOL DISTRICT",101,56,100,244,14,0,3588,4103,0.06,0.87,0.02,9.51,5.12
"38",2021-08-26,"PUBLIC SCHOOL DISTRICT","VILONIA SCHOOL DIST",21,7,27,47,NA,NA,"vilonia_school_dist",2307000,"VILONIA SCHOOL DISTRICT",2,6,55,135,16,4,2745,2963,0.05,0.93,0.02,9.11,7.09
"39",2021-08-26,"PUBLIC SCHOOL DISTRICT","CADDO HILLS SCHOOL DIST",20,6,25,31,NA,NA,"caddo_hills_school_dist",4901000,"CADDO HILLS SCHOOL DISTRICT",14,2,0,84,1,0,449,550,0.15,0.82,0,45.45,36.36
"40",2021-08-26,"PUBLIC SCHOOL DISTRICT","PEA RIDGE SCHOOL DIST",20,9,26,37,NA,NA,"pea_ridge_school_dist",407000,"PEA RIDGE SCHOOL DISTRICT",30,16,25,183,35,4,1923,2216,0.08,0.87,0.01,11.73,9.03
"41",2021-08-26,"PUBLIC SCHOOL DISTRICT","ASHDOWN SCHOOL DIST",19,NA,NA,37,NA,NA,"ashdown_school_dist",4101000,"ASHDOWN SCHOOL DISTRICT",87,2,334,61,7,0,857,1348,0.05,0.64,0.25,NA,14.09
"42",2021-08-26,"PUBLIC SCHOOL DISTRICT","BOONEVILLE SCHOOL DIST",19,NA,NA,34,NA,NA,"booneville_school_dist",4201000,"BOONEVILLE SCHOOL DISTRICT",47,4,5,63,15,0,1024,1158,0.05,0.88,0,NA,16.41
"43",2021-08-26,"PUBLIC SCHOOL DISTRICT","DOVER SCHOOL DIST",19,NA,NA,25,NA,NA,"dover_school_dist",5802000,"DOVER SCHOOL DISTRICT",19,4,3,48,9,2,1139,1224,0.04,0.93,0,NA,15.52
"44",2021-08-26,"PUBLIC SCHOOL DISTRICT","LAMAR SCHOOL DIST",18,6,24,36,NA,NA,"lamar_school_dist",3604000,"LAMAR SCHOOL DISTRICT",34,5,22,91,6,0,1146,1304,0.07,0.88,0.02,18.4,13.8
"45",2021-08-26,"PUBLIC SCHOOL DISTRICT","MAGNOLIA SCHOOL DIST",18,NA,NA,43,NA,NA,"magnolia_school_dist",1402000,"MAGNOLIA SCHOOL DISTRICT",115,23,1374,122,5,0,947,2586,0.05,0.37,0.53,NA,6.96
"46",2021-08-26,"PUBLIC SCHOOL DISTRICT","NEWPORT SCHOOL DIST",18,NA,NA,23,NA,NA,"newport_school_dist",3403000,"NEWPORT SCHOOL DISTRICT",53,8,368,93,1,0,544,1067,0.09,0.51,0.34,NA,16.87
"47",2021-08-26,"PUBLIC SCHOOL DISTRICT","SILOAM SPRINGS SCHOOL DIST",18,0,28,34,NA,NA,"siloam_springs_school_dist",406000,"SILOAM SPRINGS SCHOOL DISTRICT",221,131,48,1343,228,15,2188,4174,0.32,0.52,0.01,6.71,4.31
"48",2021-08-26,"PUBLIC SCHOOL DISTRICT","STUTTGART SCHOOL DIST",18,6,17,34,NA,NA,"stuttgart_school_dist",104000,"STUTTGART SCHOOL DISTRICT",72,16,700,129,4,0,644,1565,0.08,0.41,0.45,10.86,11.5
"49",2021-08-26,"PUBLIC SCHOOL DISTRICT","BENTON SCHOOL DIST",17,5,32,52,NA,NA,"benton_school_dist",6302000,"BENTON SCHOOL DISTRICT",225,51,497,512,14,8,4115,5422,0.09,0.76,0.09,5.9,3.14
"50",2021-08-26,"PUBLIC SCHOOL DISTRICT","FLIPPIN SCHOOL DIST",17,NA,NA,24,NA,NA,"flippin_school_dist",4501000,"FLIPPIN SCHOOL DISTRICT",21,3,1,22,2,1,795,845,0.03,0.94,0,NA,20.12
"51",2021-08-26,"PUBLIC SCHOOL DISTRICT","TRUMANN SCHOOL DIST",17,NA,NA,27,NA,NA,"trumann_school_dist",5605000,"TRUMANN SCHOOL DISTRICT",69,7,180,101,1,0,1110,1468,0.07,0.76,0.12,NA,11.58
"52",2021-08-26,"PUBLIC SCHOOL DISTRICT","LISA ACADEMY",16,NA,NA,40,NA,NA,"lisa_academy",6041700,"LISA ACADEMY",122,223,1374,900,18,16,689,3342,0.27,0.21,0.41,NA,4.79
"53",2021-08-26,"PUBLIC SCHOOL DISTRICT","SOUTH PIKE COUNTY SCHOOL DIST",16,NA,NA,20,NA,NA,"south_pike_county_school_dist",5504000,"SOUTH PIKE COUNTY SCHOOL DISTRICT",29,0,43,50,3,0,586,711,0.07,0.82,0.06,NA,22.5
"54",2021-08-26,"PUBLIC SCHOOL DISTRICT","BEEBE SCHOOL DIST",15,NA,NA,28,NA,NA,"beebe_school_dist",7302000,"BEEBE SCHOOL DISTRICT",121,10,126,169,13,1,2740,3180,0.05,0.86,0.04,NA,4.72
"55",2021-08-26,"PUBLIC SCHOOL DISTRICT","BERRYVILLE SCHOOL DIST",15,10,22,38,NA,NA,"berryville_school_dist",801000,"BERRYVILLE SCHOOL DISTRICT",26,33,5,498,7,87,1176,1832,0.27,0.64,0,12.01,8.19
"56",2021-08-26,"PUBLIC SCHOOL DISTRICT","BLYTHEVILLE SCHOOL DIST",15,NA,NA,21,NA,NA,"blytheville_school_dist",4702000,"BLYTHEVILLE SCHOOL DISTRICT",18,8,1403,70,1,0,216,1716,0.04,0.13,0.82,NA,8.74
"57",2021-08-26,"PUBLIC SCHOOL DISTRICT","GREENBRIER SCHOOL DIST",15,6,28,35,NA,NA,"greenbrier_school_dist",2303000,"GREENBRIER SCHOOL DISTRICT",72,17,67,131,14,3,3264,3568,0.04,0.91,0.02,7.85,4.2
"58",2021-08-26,"PUBLIC SCHOOL DISTRICT","POCAHONTAS SCHOOL DIST",15,9,11,26,NA,NA,"pocahontas_school_dist",6103000,"POCAHONTAS SCHOOL DISTRICT",72,18,15,67,5,201,1559,1937,0.03,0.8,0.01,5.68,7.74
"59",2021-08-26,"PUBLIC SCHOOL DISTRICT","PRAIRIE GROVE SCHOOL DIST",15,6,27,38,NA,NA,"prairie_grove_school_dist",7206000,"PRAIRIE GROVE SCHOOL DISTRICT",47,23,43,139,61,5,1727,2045,0.07,0.84,0.02,13.2,7.33
"60",2021-08-26,"PUBLIC SCHOOL DISTRICT","COSSATOT RIVER SCHOOL DIST",14,6,15,24,NA,NA,"cossatot_river_school_dist",5707000,"COSSATOT RIVER SCHOOL DISTRICT",41,0,3,253,27,3,579,906,0.28,0.64,0,16.56,15.45
"61",2021-08-26,"PUBLIC SCHOOL DISTRICT","CROSSETT SCHOOL DIST",14,NA,NA,25,NA,NA,"crossett_school_dist",201000,"CROSSETT SCHOOL DISTRICT",33,8,520,45,1,0,962,1569,0.03,0.61,0.33,NA,8.92
"62",2021-08-26,"PUBLIC SCHOOL DISTRICT","MALVERN SCHOOL DIST",14,6,36,45,NA,NA,"malvern_school_dist",3004000,"MALVERN SCHOOL DISTRICT",177,8,553,199,6,1,961,1905,0.1,0.5,0.29,18.9,7.35
"63",2021-08-26,"PUBLIC SCHOOL DISTRICT","MANSFIELD SCHOOL DIST",14,NA,NA,20,NA,NA,"mansfield_school_dist",6606000,"MANSFIELD SCHOOL DISTRICT",38,17,6,31,20,0,603,715,0.04,0.84,0.01,NA,19.58
"64",2021-08-26,"PUBLIC SCHOOL DISTRICT","MARMADUKE SCHOOL DIST",14,NA,NA,22,NA,NA,"marmaduke_school_dist",2803000,"MARMADUKE SCHOOL DISTRICT",10,0,1,17,2,0,618,648,0.03,0.95,0,NA,21.6
"65",2021-08-26,"PUBLIC SCHOOL DISTRICT","MENA SCHOOL DIST",14,NA,NA,31,NA,NA,"mena_school_dist",5703000,"MENA SCHOOL DISTRICT",28,20,12,97,32,3,1525,1717,0.06,0.89,0.01,NA,8.15
"66",2021-08-26,"PUBLIC SCHOOL DISTRICT","MONTICELLO SCHOOL DIST",14,5,13,23,NA,NA,"monticello_school_dist",2203000,"MONTICELLO SCHOOL DISTRICT",7,19,665,72,6,0,902,1671,0.04,0.54,0.4,7.78,8.38
"67",2021-08-26,"PUBLIC SCHOOL DISTRICT","NEVADA SCHOOL DIST",14,0,15,16,NA,NA,"nevada_school_dist",5008000,"NEVADA SCHOOL DISTRICT",30,2,126,10,1,0,223,392,0.03,0.57,0.32,38.27,35.71
"68",2021-08-26,"PUBLIC SCHOOL DISTRICT","ROSE BUD SCHOOL DIST",14,NA,NA,20,NA,NA,"rose_bud_school_dist",7310000,"ROSE BUD SCHOOL DISTRICT",0,1,2,38,5,0,700,746,0.05,0.94,0,NA,18.77
"69",2021-08-26,"PUBLIC SCHOOL DISTRICT","SPRING HILL SCHOOL DIST",14,NA,NA,22,NA,NA,"spring_hill_school_dist",2906000,"SPRING HILL SCHOOL DISTRICT",31,2,5,31,3,1,495,568,0.05,0.87,0.01,NA,24.65
"70",2021-08-26,"PUBLIC SCHOOL DISTRICT","WHITE HALL SCHOOL DIST",14,7,19,33,NA,NA,"white_hall_school_dist",3510000,"WHITE HALL SCHOOL DISTRICT",78,98,686,84,5,12,1943,2906,0.03,0.67,0.24,6.54,4.82
"71",2021-08-26,"PUBLIC SCHOOL DISTRICT","FORREST CITY SCHOOL DIST",13,NA,NA,18,NA,NA,"forrest_city_school_dist",6201000,"FORREST CITY SCHOOL DISTRICT",13,16,1918,37,2,2,119,2107,0.02,0.06,0.91,NA,6.17
"72",2021-08-26,"PUBLIC SCHOOL DISTRICT","GENTRY SCHOOL DIST",13,NA,NA,29,NA,NA,"gentry_school_dist",403000,"GENTRY SCHOOL DISTRICT",133,121,7,229,49,5,900,1444,0.16,0.62,0,NA,9
"73",2021-08-26,"PUBLIC SCHOOL DISTRICT","HOT SPRINGS SCHOOL DIST",13,5,16,21,NA,NA,"hot_springs_school_dist",2603000,"HOT SPRINGS SCHOOL DISTRICT",375,33,1277,697,14,0,1233,3629,0.19,0.34,0.35,4.41,3.58
"74",2021-08-26,"PUBLIC SCHOOL DISTRICT","GENOA CENTRAL SCHOOL DIST",12,NA,NA,16,NA,NA,"genoa_central_school_dist",4602000,"GENOA CENTRAL SCHOOL DISTRICT",15,2,6,14,3,2,1130,1172,0.01,0.96,0.01,NA,10.24
"75",2021-08-26,"PUBLIC SCHOOL DISTRICT","MINERAL SPRINGS SCHOOL DIST",12,NA,NA,14,NA,NA,"mineral_springs_school_dist",3104000,"MINERAL SPRINGS SCHOOL DISTRICT",7,5,248,56,0,0,56,372,0.15,0.15,0.67,NA,32.26
"76",2021-08-26,"PUBLIC SCHOOL DISTRICT","PANGBURN SCHOOL DIST",12,NA,NA,20,NA,NA,"pangburn_school_dist",7309000,"PANGBURN SCHOOL DISTRICT",8,0,11,23,0,1,719,762,0.03,0.94,0.01,NA,15.75
"77",2021-08-26,"PUBLIC SCHOOL DISTRICT","BALD KNOB SCHOOL DIST",11,0,15,17,NA,NA,"bald_knob_school_dist",7301000,"BALD KNOB SCHOOL DISTRICT",55,3,16,67,5,0,1005,1151,0.06,0.87,0.01,13.03,9.56
"78",2021-08-26,"PUBLIC SCHOOL DISTRICT","COUNTY LINE SCHOOL DIST",11,NA,NA,18,NA,NA,"county_line_school_dist",2403000,"COUNTY LINE SCHOOL DISTRICT",4,22,7,10,10,0,442,495,0.02,0.89,0.01,NA,22.22
"79",2021-08-26,"PUBLIC SCHOOL DISTRICT","GREENWOOD SCHOOL DIST",11,NA,NA,27,NA,NA,"greenwood_school_dist",6602000,"GREENWOOD SCHOOL DISTRICT",213,59,32,190,82,7,3143,3726,0.05,0.84,0.01,NA,2.95
"80",2021-08-26,"PUBLIC SCHOOL DISTRICT","HAZEN SCHOOL DIST",11,NA,NA,13,NA,NA,"hazen_school_dist",5903000,"HAZEN SCHOOL DISTRICT",14,0,104,7,0,0,407,532,0.01,0.77,0.2,NA,20.68
"81",2021-08-26,"PUBLIC SCHOOL DISTRICT","HIGHLAND SCHOOL DIST",11,NA,NA,31,NA,NA,"highland_school_dist",6804000,"HIGHLAND SCHOOL DISTRICT",9,3,21,34,3,3,1524,1597,0.02,0.95,0.01,NA,6.89
"82",2021-08-26,"PUBLIC SCHOOL DISTRICT","HOXIE SCHOOL DIST",11,0,14,15,NA,NA,"hoxie_school_dist",3804000,"HOXIE SCHOOL DISTRICT",25,1,13,22,2,0,757,820,0.03,0.92,0.02,17.07,13.41
"83",2021-08-26,"PUBLIC SCHOOL DISTRICT","JACKSON CO. SCHOOL DIST",11,NA,NA,18,NA,NA,"jackson_co._school_dist",3405000,"JACKSON CO. SCHOOL DISTRICT",20,0,50,11,5,0,759,845,0.01,0.9,0.06,NA,13.02
"84",2021-08-26,"PUBLIC SCHOOL DISTRICT","LAVACA SCHOOL DIST",11,NA,NA,22,NA,NA,"lavaca_school_dist",6605000,"LAVACA SCHOOL DISTRICT",67,3,4,63,16,0,640,793,0.08,0.81,0.01,NA,13.87
"85",2021-08-26,"PUBLIC SCHOOL DISTRICT","MAGAZINE SCHOOL DIST",11,NA,NA,13,NA,NA,"magazine_school_dist",4202000,"MAGAZINE SCHOOL DISTRICT",3,12,6,12,5,0,482,520,0.02,0.93,0.01,NA,21.15
"86",2021-08-26,"PUBLIC SCHOOL DISTRICT","MOUNTAIN VIEW SCHOOL DIST",11,NA,NA,25,NA,NA,"mountain_view_school_dist",6901000,"MOUNTAIN VIEW SCHOOL DISTRICT",18,5,3,43,5,1,1472,1547,0.03,0.95,0,NA,7.11
"87",2021-08-26,"PUBLIC SCHOOL DISTRICT","PINE BLUFF SCHOOL DIST",11,NA,NA,23,NA,NA,"pine_bluff_school_dist",3505000,"PINE BLUFF SCHOOL DISTRICT",23,13,2680,39,5,1,38,2799,0.01,0.01,0.96,NA,3.93
"88",2021-08-26,"PUBLIC SCHOOL DISTRICT","SALEM SCHOOL DIST",11,NA,NA,16,NA,NA,"salem_school_dist",2502000,"SALEM SCHOOL DISTRICT",26,2,3,19,3,0,797,850,0.02,0.94,0,NA,12.94
"89",2021-08-26,"PUBLIC SCHOOL DISTRICT","SEARCY COUNTY SCHOOL DIST",11,NA,NA,21,NA,NA,"searcy_county_school_dist",6502000,"SEARCY COUNTY SCHOOL DISTRICT",17,1,1,19,1,0,689,728,0.03,0.95,0,NA,15.11
"90",2021-08-26,"PUBLIC SCHOOL DISTRICT","SOUTH CONWAY COUNTY SCHOOL DIST",11,NA,NA,29,NA,NA,"south_conway_county_school_dist",1507000,"SOUTH CONWAY COUNTY SCHOOL DISTRICT",157,9,380,173,8,6,1631,2364,0.07,0.69,0.16,NA,4.65
"91",2021-08-26,"PUBLIC SCHOOL DISTRICT","CAVE CITY SCHOOL DIST",10,NA,NA,16,NA,NA,"cave_city_school_dist",6802000,"CAVE CITY SCHOOL DISTRICT",18,2,20,50,1,0,1081,1172,0.04,0.92,0.02,NA,8.53
"92",2021-08-26,"PUBLIC SCHOOL DISTRICT","DARDANELLE SCHOOL DIST",10,NA,NA,23,NA,NA,"dardanelle_school_dist",7504000,"DARDANELLE SCHOOL DISTRICT",45,14,45,694,5,0,1272,2075,0.33,0.61,0.02,NA,4.82
"93",2021-08-26,"PUBLIC SCHOOL DISTRICT","FOUKE SCHOOL DIST",10,5,11,17,NA,NA,"fouke_school_dist",4603000,"FOUKE SCHOOL DISTRICT",22,1,6,15,11,0,1002,1057,0.01,0.95,0.01,10.41,9.46
"94",2021-08-26,"PUBLIC SCHOOL DISTRICT","GOSNELL SCHOOL DIST",10,5,7,17,NA,NA,"gosnell_school_dist",4708000,"GOSNELL SCHOOL DISTRICT",62,5,243,94,0,2,802,1208,0.08,0.66,0.2,5.79,8.28
"95",2021-08-26,"PUBLIC SCHOOL DISTRICT","HARRISON SCHOOL DIST",10,5,11,22,NA,NA,"harrison_school_dist",503000,"HARRISON SCHOOL DISTRICT",73,14,11,114,10,2,2482,2706,0.04,0.92,0,4.07,3.7
"96",2021-08-26,"PUBLIC SCHOOL DISTRICT","JACKSONVILLE LIGHTHOUSE CHARTER",10,NA,NA,14,NA,NA,"jacksonville_lighthouse_charter",6050700,"JACKSONVILLE LIGHTHOUSE CHARTER",4,11,561,63,3,4,155,801,0.08,0.19,0.7,NA,12.48
"97",2021-08-26,"PUBLIC SCHOOL DISTRICT","LAKESIDE SCHOOL DIST(CHICOT)",10,0,10,15,NA,NA,"lakeside_school_dist(chicot)",903000,"LAKESIDE SCHOOL DIST(CHICOT)",10,0,684,124,0,0,80,898,0.14,0.09,0.76,11.14,11.14
"98",2021-08-26,"PUBLIC SCHOOL DISTRICT","POTTSVILLE SCHOOL DIST",10,NA,NA,20,NA,NA,"pottsville_school_dist",5804000,"POTTSVILLE SCHOOL DISTRICT",0,16,22,133,9,0,1588,1768,0.08,0.9,0.01,NA,5.66
"99",2021-08-26,"PUBLIC SCHOOL DISTRICT","RIVERCREST SCHOOL DIST",10,NA,NA,13,NA,NA,"rivercrest_school_dist",4706000,"RIVERCREST SCHOOL DISTRICT",31,3,278,76,2,0,693,1083,0.07,0.64,0.26,NA,9.23
"100",2021-08-26,"PUBLIC SCHOOL DISTRICT","WARREN SCHOOL DIST",10,NA,NA,16,NA,NA,"warren_school_dist",602000,"WARREN SCHOOL DISTRICT",41,0,519,386,6,1,576,1529,0.25,0.38,0.34,NA,6.54
"101",2021-08-26,"PUBLIC SCHOOL DISTRICT","WATSON CHAPEL SCHOOL DIST",10,NA,NA,23,NA,NA,"watson_chapel_school_dist",3509000,"WATSON CHAPEL SCHOOL DISTRICT",19,27,1823,37,1,0,241,2148,0.02,0.11,0.85,NA,4.66
"102",2021-08-26,"PUBLIC SCHOOL DISTRICT","ATKINS SCHOOL DIST",9,NA,NA,17,NA,NA,"atkins_school_dist",5801000,"ATKINS SCHOOL DISTRICT",20,0,19,25,0,1,866,931,0.03,0.93,0.02,NA,9.67
"103",2021-08-26,"PUBLIC SCHOOL DISTRICT","CAMDEN FAIRVIEW SCHOOL DIST",9,6,13,27,NA,NA,"camden_fairview_school_dist",5204000,"CAMDEN FAIRVIEW SCHOOL DISTRICT",93,14,1404,61,4,1,652,2229,0.03,0.29,0.63,5.83,4.04
"104",2021-08-26,"PUBLIC SCHOOL DISTRICT","CARLISLE SCHOOL DIST",9,5,9,20,NA,NA,"carlisle_school_dist",4303000,"CARLISLE SCHOOL DISTRICT",13,0,71,32,1,0,508,625,0.05,0.81,0.11,14.4,14.4
"105",2021-08-26,"PUBLIC SCHOOL DISTRICT","CROSS COUNTY SCHOOL DIST",9,0,8,15,NA,NA,"cross_county_school_dist",1901000,"CROSS COUNTY SCHOOL DISTRICT",5,0,33,16,1,0,552,607,0.03,0.91,0.05,13.18,14.83
"106",2021-08-26,"PUBLIC SCHOOL DISTRICT","DUMAS SCHOOL DIST",9,NA,NA,15,NA,NA,"dumas_school_dist",2104000,"DUMAS SCHOOL DISTRICT",12,3,742,128,2,0,197,1084,0.12,0.18,0.68,NA,8.3
"107",2021-08-26,"PUBLIC SCHOOL DISTRICT","EL DORADO SCHOOL DIST",9,NA,NA,12,NA,NA,"el_dorado_school_dist",7001000,"EL DORADO SCHOOL DISTRICT",143,55,1992,402,2,4,1523,4121,0.1,0.37,0.48,NA,2.18
"108",2021-08-26,"PUBLIC SCHOOL DISTRICT","HOPE SCHOOL DIST",9,NA,NA,16,NA,NA,"hope_school_dist",2903000,"HOPE SCHOOL DISTRICT",59,9,1001,760,4,1,452,2286,0.33,0.2,0.44,NA,3.94
"109",2021-08-26,"PUBLIC SCHOOL DISTRICT","OUACHITA SCHOOL DIST",9,NA,NA,11,NA,NA,"ouachita_school_dist",3005000,"OUACHITA SCHOOL DISTRICT",7,1,0,7,3,0,470,488,0.01,0.96,0,NA,18.44
"110",2021-08-26,"PUBLIC SCHOOL DISTRICT","PIGGOTT SCHOOL DIST",9,NA,NA,13,NA,NA,"piggott_school_dist",1104000,"PIGGOTT SCHOOL DISTRICT",12,1,10,17,0,0,755,795,0.02,0.95,0.01,NA,11.32
"111",2021-08-26,"PUBLIC SCHOOL DISTRICT","STAR CITY SCHOOL DIST",9,NA,NA,25,NA,NA,"star_city_school_dist",4003000,"STAR CITY SCHOOL DISTRICT",48,5,255,122,2,0,944,1376,0.09,0.69,0.19,NA,6.54
"112",2021-08-26,"PUBLIC SCHOOL DISTRICT","CENTERPOINT SCHOOL DIST",8,NA,NA,12,NA,NA,"centerpoint_school_dist",5502000,"CENTERPOINT SCHOOL DISTRICT",16,6,2,204,2,0,749,979,0.21,0.77,0,NA,8.17
"113",2021-08-26,"PUBLIC SCHOOL DISTRICT","ENGLAND SCHOOL DIST",8,0,6,10,NA,NA,"england_school_dist",4302000,"ENGLAND SCHOOL DISTRICT",21,1,208,59,2,0,330,621,0.1,0.53,0.33,9.66,12.88
"114",2021-08-26,"PUBLIC SCHOOL DISTRICT","EUREKA SPRINGS SCHOOL DIST",8,NA,NA,11,NA,NA,"eureka_springs_school_dist",802000,"EUREKA SPRINGS SCHOOL DISTRICT",3,6,8,50,3,0,502,572,0.09,0.88,0.01,NA,13.99
"115",2021-08-26,"PUBLIC SCHOOL DISTRICT","GLEN ROSE SCHOOL DIST",8,0,20,23,NA,NA,"glen_rose_school_dist",3002000,"GLEN ROSE SCHOOL DISTRICT",29,1,9,36,9,0,914,998,0.04,0.92,0.01,20.04,8.02
"116",2021-08-26,"PUBLIC SCHOOL DISTRICT","MOUNTAIN PINE SCHOOL DIST",8,NA,NA,11,NA,NA,"mountain_pine_school_dist",2607000,"MOUNTAIN PINE SCHOOL DISTRICT",54,5,48,19,3,8,477,614,0.03,0.78,0.08,NA,13.03
"117",2021-08-26,"PUBLIC SCHOOL DISTRICT","MOUNTAINBURG SCHOOL DIST",8,0,8,11,NA,NA,"mountainburg_school_dist",1703000,"MOUNTAINBURG SCHOOL DISTRICT",4,2,3,20,18,1,602,650,0.03,0.93,0,12.31,12.31
"118",2021-08-26,"PUBLIC SCHOOL DISTRICT","OZARK SCHOOL DIST",8,NA,NA,15,NA,NA,"ozark_school_dist",2404000,"OZARK SCHOOL DISTRICT",49,11,2,58,20,6,1591,1737,0.03,0.92,0,NA,4.61
"119",2021-08-26,"PUBLIC SCHOOL DISTRICT","PARIS SCHOOL DIST",8,NA,NA,11,NA,NA,"paris_school_dist",4203000,"PARIS SCHOOL DISTRICT",42,22,26,29,4,0,869,992,0.03,0.88,0.03,NA,8.06
"120",2021-08-26,"PUBLIC SCHOOL DISTRICT","WALDRON SCHOOL DIST",8,NA,NA,19,NA,NA,"waldron_school_dist",6401000,"WALDRON SCHOOL DISTRICT",45,40,8,212,36,4,1054,1399,0.15,0.75,0.01,NA,5.72
"121",2021-08-26,"PUBLIC SCHOOL DISTRICT","ARKANSAS ARTS ACADEMY",7,NA,NA,15,NA,NA,"arkansas_arts_academy",440700,"ARKANSAS ARTS ACADEMY",94,16,22,220,10,0,842,1204,0.18,0.7,0.02,NA,5.81
"122",2021-08-26,"PUBLIC SCHOOL DISTRICT","AUGUSTA SCHOOL DIST",7,NA,NA,11,NA,NA,"augusta_school_dist",7401000,"AUGUSTA SCHOOL DISTRICT",18,0,179,4,1,0,128,330,0.01,0.39,0.54,NA,21.21
"123",2021-08-26,"PUBLIC SCHOOL DISTRICT","BERGMAN SCHOOL DIST",7,NA,NA,20,NA,NA,"bergman_school_dist",502000,"BERGMAN SCHOOL DISTRICT",0,1,9,25,13,1,1003,1052,0.02,0.95,0.01,NA,6.65
"124",2021-08-26,"PUBLIC SCHOOL DISTRICT","CHARLESTON SCHOOL DIST",7,NA,NA,10,NA,NA,"charleston_school_dist",2402000,"CHARLESTON SCHOOL DISTRICT",22,7,7,24,9,0,751,820,0.03,0.92,0.01,NA,8.54
"125",2021-08-26,"PUBLIC SCHOOL DISTRICT","COTTER SCHOOL DIST",7,0,9,11,NA,NA,"cotter_school_dist",302000,"COTTER SCHOOL DISTRICT",4,2,0,17,4,4,712,743,0.02,0.96,0,12.11,9.42
"126",2021-08-26,"PUBLIC SCHOOL DISTRICT","DEWITT SCHOOL DIST",7,0,9,11,NA,NA,"dewitt_school_dist",101000,"DEWITT SCHOOL DISTRICT",43,2,134,54,1,2,918,1154,0.05,0.8,0.12,7.8,6.07
"127",2021-08-26,"PUBLIC SCHOOL DISTRICT","HARMONY GROVE SCH DIST(SALINE)",7,NA,NA,16,NA,NA,"harmony_grove_sch_dist(saline)",6304000,"HARMONY GROVE SCH DIST(SALINE)",37,5,18,54,3,1,1103,1221,0.04,0.9,0.01,NA,5.73
"128",2021-08-26,"PUBLIC SCHOOL DISTRICT","HORATIO SCHOOL DIST",7,NA,NA,16,NA,NA,"horatio_school_dist",6703000,"HORATIO SCHOOL DISTRICT",7,0,6,186,23,1,552,775,0.24,0.71,0.01,NA,9.03
"129",2021-08-26,"PUBLIC SCHOOL DISTRICT","JESSIEVILLE SCHOOL DIST",7,NA,NA,13,NA,NA,"jessieville_school_dist",2604000,"JESSIEVILLE SCHOOL DISTRICT",40,7,19,40,5,1,695,807,0.05,0.86,0.02,NA,8.67
"130",2021-08-26,"PUBLIC SCHOOL DISTRICT","LAWRENCE COUNTY SCHOOL DIST",7,10,14,25,NA,NA,"lawrence_county_school_dist",3810000,"LAWRENCE COUNTY SCHOOL DISTRICT",38,8,3,35,7,1,827,919,0.04,0.9,0,15.23,7.62
"131",2021-08-26,"PUBLIC SCHOOL DISTRICT","LINCOLN SCHOOL DIST",7,NA,NA,14,NA,NA,"lincoln_school_dist",7205000,"LINCOLN SCHOOL DISTRICT",42,31,6,97,36,2,793,1007,0.1,0.79,0.01,NA,6.95
"132",2021-08-26,"PUBLIC SCHOOL DISTRICT","MCCRORY SCHOOL DIST",7,NA,NA,13,NA,NA,"mccrory_school_dist",7403000,"MCCRORY SCHOOL DISTRICT",1,5,63,9,1,0,472,551,0.02,0.86,0.11,NA,12.7
"133",2021-08-26,"PUBLIC SCHOOL DISTRICT","OZARK MOUNTAIN SCHOOL DIST",7,NA,NA,14,NA,NA,"ozark_mountain_school_dist",6505000,"OZARK MOUNTAIN SCHOOL DISTRICT",8,1,0,25,7,1,686,728,0.03,0.94,0,NA,9.62
"134",2021-08-26,"PUBLIC SCHOOL DISTRICT","TWO RIVERS SCHOOL DIST",7,NA,NA,11,NA,NA,"two_rivers_school_dist",7510000,"TWO RIVERS SCHOOL DISTRICT",22,3,8,103,4,0,625,765,0.13,0.82,0.01,NA,9.15
"135",2021-08-26,"PUBLIC SCHOOL DISTRICT","ACADEMICS PLUS PUBLIC CHARTER SCHOOLS",6,0,22,33,NA,NA,"academics_plus_public_charter_schools",6040700,"ACADEMICS PLUS PUBLIC CHARTER SCHOOLS",52,72,298,85,8,3,1127,1645,0.05,0.69,0.18,13.37,3.65
"136",2021-08-26,"PUBLIC SCHOOL DISTRICT","ARMOREL SCHOOL DIST",6,0,8,8,NA,NA,"armorel_school_dist",4701000,"ARMOREL SCHOOL DISTRICT",0,8,32,29,0,1,336,406,0.07,0.83,0.08,19.7,14.78
"137",2021-08-26,"PUBLIC SCHOOL DISTRICT","CEDARVILLE SCHOOL DIST",6,NA,NA,11,NA,NA,"cedarville_school_dist",1702000,"CEDARVILLE SCHOOL DISTRICT",81,1,0,18,15,0,628,743,0.02,0.85,0,NA,8.08
"138",2021-08-26,"PUBLIC SCHOOL DISTRICT","CLEVELAND COUNTY SCHOOL DIST",6,NA,NA,7,NA,NA,"cleveland_county_school_dist",1305000,"CLEVELAND COUNTY SCHOOL DISTRICT",14,0,172,16,1,0,489,692,0.02,0.71,0.25,NA,8.67
"139",2021-08-26,"PUBLIC SCHOOL DISTRICT","DOLLARWAY SCHOOL DIST",6,5,5,12,NA,NA,"dollarway_school_dist",3502000,"DOLLARWAY SCHOOL DISTRICT",2,1,836,18,3,9,38,907,0.02,0.04,0.92,5.51,6.62
"140",2021-08-26,"PUBLIC SCHOOL DISTRICT","EXALT ACADEMY OF SOUTHWEST LITTLE ROCK",6,0,10,11,NA,NA,"exalt_academy_of_southwest_little_rock",6055700,"EXALT ACADEMY OF SOUTHWEST LITTLE ROCK",10,0,129,370,0,0,9,518,0.71,0.02,0.25,19.31,11.58
"141",2021-08-26,"PUBLIC SCHOOL DISTRICT","FOREMAN SCHOOL DIST",6,NA,NA,7,NA,NA,"foreman_school_dist",4102000,"FOREMAN SCHOOL DISTRICT",26,0,62,30,12,0,404,534,0.06,0.76,0.12,NA,11.24
"142",2021-08-26,"PUBLIC SCHOOL DISTRICT","FOUNTAIN LAKE SCHOOL DIST",6,NA,NA,15,NA,NA,"fountain_lake_school_dist",2602000,"FOUNTAIN LAKE SCHOOL DISTRICT",55,4,5,124,6,1,1121,1316,0.09,0.85,0,NA,4.56
"143",2021-08-26,"PUBLIC SCHOOL DISTRICT","GREEN FOREST SCHOOL DIST",6,NA,NA,8,NA,NA,"green_forest_school_dist",803000,"GREEN FOREST SCHOOL DISTRICT",9,108,5,611,7,63,563,1366,0.45,0.41,0,NA,4.39
"144",2021-08-26,"PUBLIC SCHOOL DISTRICT","LONOKE SCHOOL DIST",6,NA,NA,22,NA,NA,"lonoke_school_dist",4301000,"LONOKE SCHOOL DISTRICT",56,6,349,138,4,0,1034,1587,0.09,0.65,0.22,NA,3.78
"145",2021-08-26,"PUBLIC SCHOOL DISTRICT","MANILA SCHOOL DIST",6,0,10,11,NA,NA,"manila_school_dist",4712000,"MANILA SCHOOL DISTRICT",11,0,3,39,0,0,942,995,0.04,0.95,0,10.05,6.03
"146",2021-08-26,"PUBLIC SCHOOL DISTRICT","MARKED TREE SCHOOL DIST",6,NA,NA,8,NA,NA,"marked_tree_school_dist",5604000,"MARKED TREE SCHOOL DISTRICT",7,0,154,12,0,0,292,465,0.03,0.63,0.33,NA,12.9
"147",2021-08-26,"PUBLIC SCHOOL DISTRICT","MAYFLOWER SCHOOL DIST",6,NA,NA,9,NA,NA,"mayflower_school_dist",2305000,"MAYFLOWER SCHOOL DISTRICT",56,3,106,47,5,1,801,1019,0.05,0.79,0.1,NA,5.89
"148",2021-08-26,"PUBLIC SCHOOL DISTRICT","MOUNT IDA SCHOOL DIST",6,NA,NA,13,NA,NA,"mount_ida_school_dist",4902000,"MOUNT IDA SCHOOL DISTRICT",18,0,1,16,4,0,408,447,0.04,0.91,0,NA,13.42
"149",2021-08-26,"PUBLIC SCHOOL DISTRICT","TEXARKANA SCHOOL DIST",6,NA,NA,14,NA,NA,"texarkana_school_dist",4605000,"TEXARKANA SCHOOL DISTRICT",190,16,2122,201,6,3,1342,3880,0.05,0.35,0.55,NA,1.55
"150",2021-08-26,"PUBLIC SCHOOL DISTRICT","ARKADELPHIA SCHOOL DIST",5,0,8,9,NA,NA,"arkadelphia_school_dist",1002000,"ARKADELPHIA SCHOOL DISTRICT",81,21,667,129,0,1,887,1786,0.07,0.5,0.37,4.48,2.8
"151",2021-08-26,"PUBLIC SCHOOL DISTRICT","BAY SCHOOL DIST",5,NA,NA,6,NA,NA,"bay_school_dist",1601000,"BAY SCHOOL DISTRICT",8,0,26,10,0,0,548,592,0.02,0.93,0.04,NA,8.45
"152",2021-08-26,"PUBLIC SCHOOL DISTRICT","ELKINS SCHOOL DIST",5,NA,NA,10,NA,NA,"elkins_school_dist",7201000,"ELKINS SCHOOL DISTRICT",85,1,13,65,22,2,1081,1269,0.05,0.85,0.01,NA,3.94
"153",2021-08-26,"PUBLIC SCHOOL DISTRICT","JUNCTION CITY SCHOOL DIST",5,NA,NA,6,NA,NA,"junction_city_school_dist",7003000,"JUNCTION CITY SCHOOL DISTRICT",11,2,246,11,2,0,382,654,0.02,0.58,0.38,NA,7.65
"154",2021-08-26,"PUBLIC SCHOOL DISTRICT","KIRBY SCHOOL DIST",5,NA,NA,5,NA,NA,"kirby_school_dist",5503000,"KIRBY SCHOOL DISTRICT",15,0,2,53,1,0,336,407,0.13,0.83,0,NA,12.29
"155",2021-08-26,"PUBLIC SCHOOL DISTRICT","LAKESIDE SCHOOL DIST(GARLAND)",5,NA,NA,12,NA,NA,"lakeside_school_dist(garland)",2606000,"LAKESIDE SCHOOL DIST(GARLAND)",160,55,265,414,15,5,2499,3413,0.12,0.73,0.08,NA,1.46
"156",2021-08-26,"PUBLIC SCHOOL DISTRICT","PERRYVILLE SCHOOL DIST",5,0,11,12,NA,NA,"perryville_school_dist",5303000,"PERRYVILLE SCHOOL DISTRICT",24,2,2,29,0,0,827,884,0.03,0.94,0,12.44,5.66
"157",2021-08-26,"PUBLIC SCHOOL DISTRICT","PRESCOTT SCHOOL DIST",5,0,7,8,NA,NA,"prescott_school_dist",5006000,"PRESCOTT SCHOOL DISTRICT",0,10,366,65,12,0,460,913,0.07,0.5,0.4,7.67,5.48
"158",2021-08-26,"PUBLIC SCHOOL DISTRICT","RIVERSIDE SCHOOL DIST",5,NA,NA,9,NA,NA,"riverside_school_dist",1613000,"RIVERSIDE SCHOOL DISTRICT",10,0,9,49,2,2,676,748,0.07,0.9,0.01,NA,6.68
"159",2021-08-26,"PUBLIC SCHOOL DISTRICT","VALLEY SPRINGS SCHOOL DIST",5,NA,NA,12,NA,NA,"valley_springs_school_dist",505000,"VALLEY SPRINGS SCHOOL DISTRICT",7,5,4,13,2,0,800,831,0.02,0.96,0,NA,6.02
"160",2021-08-23,"PUBLIC SCHOOL DISTRICT","BENTONVILLE SCHOOL DIST",88,24,113,162,NA,NA,"bentonville_school_dist",401000,"BENTONVILLE SCHOOL DISTRICT",839,1388,562,2095,224,95,12767,17970,0.12,0.71,0.03,6.29,4.9
"161",2021-08-23,"PUBLIC SCHOOL DISTRICT","ROGERS SCHOOL DIST",74,23,76,132,NA,NA,"rogers_school_dist",405000,"ROGERS SCHOOL DISTRICT",469,290,234,7332,95,333,6602,15355,0.48,0.43,0.02,4.95,4.82
"162",2021-08-23,"PUBLIC SCHOOL DISTRICT","FORT SMITH SCHOOL DIST",70,38,76,133,NA,NA,"fort_smith_school_dist",6601000,"FORT SMITH SCHOOL DISTRICT",1290,737,1504,4703,124,17,5464,13839,0.34,0.39,0.11,5.49,5.06
"163",2021-08-23,"PUBLIC SCHOOL DISTRICT","CABOT SCHOOL DIST",59,12,75,116,NA,NA,"cabot_school_dist",4304000,"CABOT SCHOOL DISTRICT",612,142,269,671,36,19,8422,10171,0.07,0.83,0.03,7.37,5.8
"164",2021-08-23,"PUBLIC SCHOOL DISTRICT","SPRINGDALE SCHOOL DIST",59,19,90,118,NA,NA,"springdale_school_dist",7207000,"SPRINGDALE SCHOOL DISTRICT",392,321,480,10481,113,2997,7098,21882,0.48,0.32,0.02,4.11,2.7
"165",2021-08-23,"PUBLIC SCHOOL DISTRICT","LITTLE ROCK SCHOOL DIST",56,16,81,117,NA,NA,"little_rock_school_dist",6001000,"LITTLE ROCK SCHOOL DISTRICT",169,691,12557,3247,69,22,3990,20745,0.16,0.19,0.61,3.9,2.7
"166",2021-08-23,"PUBLIC SCHOOL DISTRICT","MARION SCHOOL DIST",53,12,102,155,NA,NA,"marion_school_dist",1804000,"MARION SCHOOL DISTRICT",128,35,2181,248,5,0,1314,3911,0.06,0.34,0.56,26.08,13.55
"167",2021-08-23,"PUBLIC SCHOOL DISTRICT","JONESBORO SCHOOL DIST",41,5,52,59,NA,NA,"jonesboro_school_dist",1608000,"JONESBORO SCHOOL DISTRICT",308,38,2960,903,9,0,2123,6341,0.14,0.33,0.47,8.2,6.47
"168",2021-08-23,"PUBLIC SCHOOL DISTRICT","CONWAY SCHOOL DIST",35,8,55,72,NA,NA,"conway_school_dist",2301000,"CONWAY SCHOOL DISTRICT",460,165,2887,1094,18,5,5220,9849,0.11,0.53,0.29,5.58,3.55
"169",2021-08-23,"PUBLIC SCHOOL DISTRICT","PARAGOULD SCHOOL DIST",32,NA,NA,54,NA,NA,"paragould_school_dist",2808000,"PARAGOULD SCHOOL DISTRICT",108,15,235,200,8,68,2437,3071,0.07,0.79,0.08,NA,10.42
"170",2021-08-23,"PUBLIC SCHOOL DISTRICT","RUSSELLVILLE SCHOOL DIST",32,14,33,54,NA,NA,"russellville_school_dist",5805000,"RUSSELLVILLE SCHOOL DISTRICT",258,77,335,1333,11,8,3190,5212,0.26,0.61,0.06,6.33,6.14
"171",2021-08-23,"PUBLIC SCHOOL DISTRICT","NETTLETON SCHOOL DIST",28,5,29,44,NA,NA,"nettleton_school_dist",1611000,"NETTLETON SCHOOL DISTRICT",169,47,1697,338,7,5,1148,3411,0.1,0.34,0.5,8.5,8.21
"172",2021-08-23,"PUBLIC SCHOOL DISTRICT","NORTH LITTLE ROCK SCHOOL DIST",27,8,37,55,NA,NA,"north_little_rock_school_dist",6002000,"NORTH LITTLE ROCK SCHOOL DISTRICT",173,81,4524,767,53,4,2008,7610,0.1,0.26,0.59,4.86,3.55
"173",2021-08-23,"PUBLIC SCHOOL DISTRICT","GREENE COUNTY TECH SCHOOL DIST",26,10,29,45,NA,NA,"greene_county_tech_school_dist",2807000,"GREENE COUNTY TECH SCHOOL DISTRICT",13,22,83,114,9,24,3260,3525,0.03,0.92,0.02,8.23,7.38
"174",2021-08-23,"PUBLIC SCHOOL DISTRICT","WEST MEMPHIS SCHOOL DIST",26,NA,NA,40,NA,NA,"west_memphis_school_dist",1803000,"WEST MEMPHIS SCHOOL DISTRICT",63,13,3843,91,1,0,1049,5060,0.02,0.21,0.76,NA,5.14
"175",2021-08-23,"PUBLIC SCHOOL DISTRICT","BRYANT SCHOOL DIST",24,9,39,62,NA,NA,"bryant_school_dist",6303000,"BRYANT SCHOOL DISTRICT",208,179,1677,1417,12,7,5714,9214,0.15,0.62,0.18,4.23,2.6
"176",2021-08-23,"PUBLIC SCHOOL DISTRICT","FAYETTEVILLE SCHOOL DIST",24,10,53,64,NA,NA,"fayetteville_school_dist",7203000,"FAYETTEVILLE SCHOOL DISTRICT",787,299,981,1245,37,152,6650,10151,0.12,0.66,0.1,5.22,2.36
"177",2021-08-23,"PUBLIC SCHOOL DISTRICT","SEARCY SCHOOL DIST",24,10,68,86,NA,NA,"searcy_school_dist",7311000,"SEARCY SCHOOL DISTRICT",273,55,410,410,3,0,2796,3947,0.1,0.71,0.1,17.23,6.08
"178",2021-08-23,"PUBLIC SCHOOL DISTRICT","PULASKI COUNTY SPECIAL SCHOOL DIST",23,11,46,67,NA,NA,"pulaski_county_special_school_dist",6003000,"PULASKI COUNTY SPECIAL SCHOOL DISTRICT",433,290,5075,1098,48,5,4475,11424,0.1,0.39,0.44,4.03,2.01
"179",2021-08-23,"PUBLIC SCHOOL DISTRICT","VILONIA SCHOOL DIST",19,7,23,38,NA,NA,"vilonia_school_dist",2307000,"VILONIA SCHOOL DISTRICT",2,6,55,135,16,4,2745,2963,0.05,0.93,0.02,7.76,6.41
"180",2021-08-23,"PUBLIC SCHOOL DISTRICT","BENTON SCHOOL DIST",18,NA,NA,44,NA,NA,"benton_school_dist",6302000,"BENTON SCHOOL DISTRICT",225,51,497,512,14,8,4115,5422,0.09,0.76,0.09,NA,3.32
"181",2021-08-23,"PUBLIC SCHOOL DISTRICT","PRAIRIE GROVE SCHOOL DIST",18,NA,NA,28,NA,NA,"prairie_grove_school_dist",7206000,"PRAIRIE GROVE SCHOOL DISTRICT",47,23,43,139,61,5,1727,2045,0.07,0.84,0.02,NA,8.8
"182",2021-08-23,"PUBLIC SCHOOL DISTRICT","CLARKSVILLE SCHOOL DIST",17,NA,NA,28,NA,NA,"clarksville_school_dist",3601000,"CLARKSVILLE SCHOOL DISTRICT",100,202,27,875,6,14,1212,2436,0.36,0.5,0.01,NA,6.98
"183",2021-08-23,"PUBLIC SCHOOL DISTRICT","LISA ACADEMY",17,NA,NA,31,NA,NA,"lisa_academy",6041700,"LISA ACADEMY",122,223,1374,900,18,16,689,3342,0.27,0.21,0.41,NA,5.09
"184",2021-08-23,"PUBLIC SCHOOL DISTRICT","BATESVILLE SCHOOL DIST",16,5,22,29,NA,NA,"batesville_school_dist",3201000,"BATESVILLE SCHOOL DISTRICT",67,42,182,784,10,7,1967,3059,0.26,0.64,0.06,7.19,5.23
"185",2021-08-23,"PUBLIC SCHOOL DISTRICT","BERRYVILLE SCHOOL DIST",16,10,12,27,NA,NA,"berryville_school_dist",801000,"BERRYVILLE SCHOOL DISTRICT",26,33,5,498,7,87,1176,1832,0.27,0.64,0,6.55,8.73
"186",2021-08-23,"PUBLIC SCHOOL DISTRICT","MOUNTAIN HOME SCHOOL DIST",16,12,36,51,NA,NA,"mountain_home_school_dist",303000,"MOUNTAIN HOME SCHOOL DISTRICT",132,26,12,172,18,9,3512,3881,0.04,0.9,0,9.28,4.12
"187",2021-08-23,"PUBLIC SCHOOL DISTRICT","VAN BUREN SCHOOL DIST",16,6,18,26,NA,NA,"van_buren_school_dist",1705000,"VAN BUREN SCHOOL DISTRICT",380,132,155,1021,76,8,3634,5406,0.19,0.67,0.03,3.33,2.96
"188",2021-08-23,"PUBLIC SCHOOL DISTRICT","FLIPPIN SCHOOL DIST",15,NA,NA,17,NA,NA,"flippin_school_dist",4501000,"FLIPPIN SCHOOL DISTRICT",21,3,1,22,2,1,795,845,0.03,0.94,0,NA,17.75
"189",2021-08-23,"PUBLIC SCHOOL DISTRICT","HARRISBURG SCHOOL DIST",15,7,12,25,NA,NA,"harrisburg_school_dist",5602000,"HARRISBURG SCHOOL DISTRICT",12,1,37,48,4,0,997,1099,0.04,0.91,0.03,10.92,13.65
"190",2021-08-23,"PUBLIC SCHOOL DISTRICT","HUNTSVILLE SCHOOL DIST",15,NA,NA,21,NA,NA,"huntsville_school_dist",4401000,"HUNTSVILLE SCHOOL DISTRICT",62,14,6,232,15,83,1770,2182,0.11,0.81,0,NA,6.87
"191",2021-08-23,"PUBLIC SCHOOL DISTRICT","STUTTGART SCHOOL DIST",15,5,6,21,NA,NA,"stuttgart_school_dist",104000,"STUTTGART SCHOOL DISTRICT",72,16,700,129,4,0,644,1565,0.08,0.41,0.45,3.83,9.58
"192",2021-08-23,"PUBLIC SCHOOL DISTRICT","HEBER SPRINGS SCHOOL DIST",14,NA,NA,18,NA,NA,"heber_springs_school_dist",1202000,"HEBER SPRINGS SCHOOL DISTRICT",34,9,8,74,5,1,1406,1537,0.05,0.91,0.01,NA,9.11
"193",2021-08-23,"PUBLIC SCHOOL DISTRICT","JACKSONVILLE NORTH PULASKI SCHOOL DIST",14,NA,NA,27,NA,NA,"jacksonville_north_pulaski_school_dist",6004000,"JACKSONVILLE NORTH PULASKI SCHOOL DISTRICT",155,32,2004,289,18,5,1278,3781,0.08,0.34,0.53,NA,3.7
"194",2021-08-23,"PUBLIC SCHOOL DISTRICT","LAKE HAMILTON SCHOOL DIST",14,6,46,54,NA,NA,"lake_hamilton_school_dist",2605000,"LAKE HAMILTON SCHOOL DISTRICT",271,22,158,533,19,3,3245,4251,0.13,0.76,0.04,10.82,3.29
"195",2021-08-23,"PUBLIC SCHOOL DISTRICT","NASHVILLE SCHOOL DIST",14,0,22,23,NA,NA,"nashville_school_dist",3105000,"NASHVILLE SCHOOL DISTRICT",21,7,423,437,4,3,983,1878,0.23,0.52,0.23,11.71,7.45
"196",2021-08-23,"PUBLIC SCHOOL DISTRICT","POCAHONTAS SCHOOL DIST",14,7,6,16,NA,NA,"pocahontas_school_dist",6103000,"POCAHONTAS SCHOOL DISTRICT",72,18,15,67,5,201,1559,1937,0.03,0.8,0.01,3.1,7.23
"197",2021-08-23,"PUBLIC SCHOOL DISTRICT","FARMINGTON SCHOOL DIST",13,NA,NA,27,NA,NA,"farmington_school_dist",7202000,"FARMINGTON SCHOOL DISTRICT",158,13,78,234,17,3,2069,2572,0.09,0.8,0.03,NA,5.05
"198",2021-08-23,"PUBLIC SCHOOL DISTRICT","HIGHLAND SCHOOL DIST",13,NA,NA,26,NA,NA,"highland_school_dist",6804000,"HIGHLAND SCHOOL DISTRICT",9,3,21,34,3,3,1524,1597,0.02,0.95,0.01,NA,8.14
"199",2021-08-23,"PUBLIC SCHOOL DISTRICT","HAMBURG SCHOOL DIST",12,NA,NA,17,NA,NA,"hamburg_school_dist",203000,"HAMBURG SCHOOL DISTRICT",29,1,317,305,1,0,963,1616,0.19,0.6,0.2,NA,7.43
"200",2021-08-23,"PUBLIC SCHOOL DISTRICT","MAGNOLIA SCHOOL DIST",12,NA,NA,32,NA,NA,"magnolia_school_dist",1402000,"MAGNOLIA SCHOOL DISTRICT",115,23,1374,122,5,0,947,2586,0.05,0.37,0.53,NA,4.64
"201",2021-08-23,"PUBLIC SCHOOL DISTRICT","SHERIDAN SCHOOL DIST",12,11,28,43,NA,NA,"sheridan_school_dist",2705000,"SHERIDAN SCHOOL DISTRICT",101,56,100,244,14,0,3588,4103,0.06,0.87,0.02,6.82,2.92
"202",2021-08-23,"PUBLIC SCHOOL DISTRICT","WHITE HALL SCHOOL DIST",12,7,12,23,NA,NA,"white_hall_school_dist",3510000,"WHITE HALL SCHOOL DISTRICT",78,98,686,84,5,12,1943,2906,0.03,0.67,0.24,4.13,4.13
"203",2021-08-23,"PUBLIC SCHOOL DISTRICT","ALMA SCHOOL DIST",11,0,8,12,NA,NA,"alma_school_dist",1701000,"ALMA SCHOOL DISTRICT",205,18,47,143,65,2,2770,3250,0.04,0.85,0.01,2.46,3.38
"204",2021-08-23,"PUBLIC SCHOOL DISTRICT","ASHDOWN SCHOOL DIST",11,NA,NA,23,NA,NA,"ashdown_school_dist",4101000,"ASHDOWN SCHOOL DISTRICT",87,2,334,61,7,0,857,1348,0.05,0.64,0.25,NA,8.16
"205",2021-08-23,"PUBLIC SCHOOL DISTRICT","BEEBE SCHOOL DIST",11,NA,NA,18,NA,NA,"beebe_school_dist",7302000,"BEEBE SCHOOL DISTRICT",121,10,126,169,13,1,2740,3180,0.05,0.86,0.04,NA,3.46
"206",2021-08-23,"PUBLIC SCHOOL DISTRICT","BROOKLAND SCHOOL DIST",11,NA,NA,25,NA,NA,"brookland_school_dist",1603000,"BROOKLAND SCHOOL DISTRICT",48,14,80,124,3,0,2488,2757,0.04,0.9,0.03,NA,3.99
"207",2021-08-23,"PUBLIC SCHOOL DISTRICT","GRAVETTE SCHOOL DIST",11,NA,NA,12,NA,NA,"gravette_school_dist",404000,"GRAVETTE SCHOOL DISTRICT",75,25,7,138,44,9,1562,1860,0.07,0.84,0,NA,5.91
"208",2021-08-23,"PUBLIC SCHOOL DISTRICT","GREENBRIER SCHOOL DIST",11,6,23,29,NA,NA,"greenbrier_school_dist",2303000,"GREENBRIER SCHOOL DISTRICT",72,17,67,131,14,3,3264,3568,0.04,0.91,0.02,6.45,3.08
"209",2021-08-23,"PUBLIC SCHOOL DISTRICT","NEWPORT SCHOOL DIST",11,NA,NA,14,NA,NA,"newport_school_dist",3403000,"NEWPORT SCHOOL DISTRICT",53,8,368,93,1,0,544,1067,0.09,0.51,0.34,NA,10.31
"210",2021-08-23,"PUBLIC SCHOOL DISTRICT","PINE BLUFF SCHOOL DIST",11,NA,NA,19,NA,NA,"pine_bluff_school_dist",3505000,"PINE BLUFF SCHOOL DISTRICT",23,13,2680,39,5,1,38,2799,0.01,0.01,0.96,NA,3.93
"211",2021-08-23,"PUBLIC SCHOOL DISTRICT","WYNNE SCHOOL DIST",11,5,11,21,NA,NA,"wynne_school_dist",1905000,"WYNNE SCHOOL DISTRICT",35,29,784,74,4,0,1642,2568,0.03,0.64,0.31,4.28,4.28
"212",2021-08-23,"PUBLIC SCHOOL DISTRICT","COSSATOT RIVER SCHOOL DIST",10,5,9,16,NA,NA,"cossatot_river_school_dist",5707000,"COSSATOT RIVER SCHOOL DISTRICT",41,0,3,253,27,3,579,906,0.28,0.64,0,9.93,11.04
"213",2021-08-23,"PUBLIC SCHOOL DISTRICT","DEQUEEN SCHOOL DIST",10,NA,NA,17,NA,NA,"dequeen_school_dist",6701000,"DEQUEEN SCHOOL DISTRICT",56,13,57,1408,30,84,647,2295,0.61,0.28,0.02,NA,4.36
"214",2021-08-23,"PUBLIC SCHOOL DISTRICT","GENTRY SCHOOL DIST",10,NA,NA,17,NA,NA,"gentry_school_dist",403000,"GENTRY SCHOOL DISTRICT",133,121,7,229,49,5,900,1444,0.16,0.62,0,NA,6.93
"215",2021-08-23,"PUBLIC SCHOOL DISTRICT","GREENWOOD SCHOOL DIST",10,NA,NA,24,NA,NA,"greenwood_school_dist",6602000,"GREENWOOD SCHOOL DISTRICT",213,59,32,190,82,7,3143,3726,0.05,0.84,0.01,NA,2.68
"216",2021-08-23,"PUBLIC SCHOOL DISTRICT","HOPE SCHOOL DIST",10,NA,NA,15,NA,NA,"hope_school_dist",2903000,"HOPE SCHOOL DISTRICT",59,9,1001,760,4,1,452,2286,0.33,0.2,0.44,NA,4.37
"217",2021-08-23,"PUBLIC SCHOOL DISTRICT","STAR CITY SCHOOL DIST",10,NA,NA,20,NA,NA,"star_city_school_dist",4003000,"STAR CITY SCHOOL DISTRICT",48,5,255,122,2,0,944,1376,0.09,0.69,0.19,NA,7.27
"218",2021-08-23,"PUBLIC SCHOOL DISTRICT","TRUMANN SCHOOL DIST",10,NA,NA,16,NA,NA,"trumann_school_dist",5605000,"TRUMANN SCHOOL DISTRICT",69,7,180,101,1,0,1110,1468,0.07,0.76,0.12,NA,6.81
"219",2021-08-23,"PUBLIC SCHOOL DISTRICT","WATSON CHAPEL SCHOOL DIST",10,NA,NA,15,NA,NA,"watson_chapel_school_dist",3509000,"WATSON CHAPEL SCHOOL DISTRICT",19,27,1823,37,1,0,241,2148,0.02,0.11,0.85,NA,4.66
"220",2021-08-23,"PUBLIC SCHOOL DISTRICT","BOONEVILLE SCHOOL DIST",9,NA,NA,18,NA,NA,"booneville_school_dist",4201000,"BOONEVILLE SCHOOL DISTRICT",47,4,5,63,15,0,1024,1158,0.05,0.88,0,NA,7.77
"221",2021-08-23,"PUBLIC SCHOOL DISTRICT","CAMDEN FAIRVIEW SCHOOL DIST",9,6,9,23,NA,NA,"camden_fairview_school_dist",5204000,"CAMDEN FAIRVIEW SCHOOL DISTRICT",93,14,1404,61,4,1,652,2229,0.03,0.29,0.63,4.04,4.04
"222",2021-08-23,"PUBLIC SCHOOL DISTRICT","DARDANELLE SCHOOL DIST",9,NA,NA,17,NA,NA,"dardanelle_school_dist",7504000,"DARDANELLE SCHOOL DISTRICT",45,14,45,694,5,0,1272,2075,0.33,0.61,0.02,NA,4.34
"223",2021-08-23,"PUBLIC SCHOOL DISTRICT","FOUKE SCHOOL DIST",9,NA,NA,12,NA,NA,"fouke_school_dist",4603000,"FOUKE SCHOOL DISTRICT",22,1,6,15,11,0,1002,1057,0.01,0.95,0.01,NA,8.51
"224",2021-08-23,"PUBLIC SCHOOL DISTRICT","GOSNELL SCHOOL DIST",9,5,5,14,NA,NA,"gosnell_school_dist",4708000,"GOSNELL SCHOOL DISTRICT",62,5,243,94,0,2,802,1208,0.08,0.66,0.2,4.14,7.45
"225",2021-08-23,"PUBLIC SCHOOL DISTRICT","HARRISON SCHOOL DIST",9,NA,NA,18,NA,NA,"harrison_school_dist",503000,"HARRISON SCHOOL DISTRICT",73,14,11,114,10,2,2482,2706,0.04,0.92,0,NA,3.33
"226",2021-08-23,"PUBLIC SCHOOL DISTRICT","MARMADUKE SCHOOL DIST",9,NA,NA,13,NA,NA,"marmaduke_school_dist",2803000,"MARMADUKE SCHOOL DISTRICT",10,0,1,17,2,0,618,648,0.03,0.95,0,NA,13.89
"227",2021-08-23,"PUBLIC SCHOOL DISTRICT","PANGBURN SCHOOL DIST",9,NA,NA,12,NA,NA,"pangburn_school_dist",7309000,"PANGBURN SCHOOL DISTRICT",8,0,11,23,0,1,719,762,0.03,0.94,0.01,NA,11.81
"228",2021-08-23,"PUBLIC SCHOOL DISTRICT","ROSE BUD SCHOOL DIST",9,0,11,13,NA,NA,"rose_bud_school_dist",7310000,"ROSE BUD SCHOOL DISTRICT",0,1,2,38,5,0,700,746,0.05,0.94,0,14.75,12.06
"229",2021-08-23,"PUBLIC SCHOOL DISTRICT","BLYTHEVILLE SCHOOL DIST",8,NA,NA,11,NA,NA,"blytheville_school_dist",4702000,"BLYTHEVILLE SCHOOL DISTRICT",18,8,1403,70,1,0,216,1716,0.04,0.13,0.82,NA,4.66
"230",2021-08-23,"PUBLIC SCHOOL DISTRICT","COUNTY LINE SCHOOL DIST",8,NA,NA,10,NA,NA,"county_line_school_dist",2403000,"COUNTY LINE SCHOOL DISTRICT",4,22,7,10,10,0,442,495,0.02,0.89,0.01,NA,16.16
"231",2021-08-23,"PUBLIC SCHOOL DISTRICT","CROSSETT SCHOOL DIST",8,NA,NA,15,NA,NA,"crossett_school_dist",201000,"CROSSETT SCHOOL DISTRICT",33,8,520,45,1,0,962,1569,0.03,0.61,0.33,NA,5.1
"232",2021-08-23,"PUBLIC SCHOOL DISTRICT","HOT SPRINGS SCHOOL DIST",8,NA,NA,16,NA,NA,"hot_springs_school_dist",2603000,"HOT SPRINGS SCHOOL DISTRICT",375,33,1277,697,14,0,1233,3629,0.19,0.34,0.35,NA,2.2
"233",2021-08-23,"PUBLIC SCHOOL DISTRICT","HOXIE SCHOOL DIST",8,0,8,8,NA,NA,"hoxie_school_dist",3804000,"HOXIE SCHOOL DISTRICT",25,1,13,22,2,0,757,820,0.03,0.92,0.02,9.76,9.76
"234",2021-08-23,"PUBLIC SCHOOL DISTRICT","LAMAR SCHOOL DIST",8,6,11,22,NA,NA,"lamar_school_dist",3604000,"LAMAR SCHOOL DISTRICT",34,5,22,91,6,0,1146,1304,0.07,0.88,0.02,8.44,6.13
"235",2021-08-23,"PUBLIC SCHOOL DISTRICT","MALVERN SCHOOL DIST",8,NA,NA,36,NA,NA,"malvern_school_dist",3004000,"MALVERN SCHOOL DISTRICT",177,8,553,199,6,1,961,1905,0.1,0.5,0.29,NA,4.2
"236",2021-08-23,"PUBLIC SCHOOL DISTRICT","MENA SCHOOL DIST",8,NA,NA,17,NA,NA,"mena_school_dist",5703000,"MENA SCHOOL DISTRICT",28,20,12,97,32,3,1525,1717,0.06,0.89,0.01,NA,4.66
"237",2021-08-23,"PUBLIC SCHOOL DISTRICT","MONTICELLO SCHOOL DIST",8,5,9,16,NA,NA,"monticello_school_dist",2203000,"MONTICELLO SCHOOL DISTRICT",7,19,665,72,6,0,902,1671,0.04,0.54,0.4,5.39,4.79
"238",2021-08-23,"PUBLIC SCHOOL DISTRICT","SILOAM SPRINGS SCHOOL DIST",8,0,15,15,NA,NA,"siloam_springs_school_dist",406000,"SILOAM SPRINGS SCHOOL DISTRICT",221,131,48,1343,228,15,2188,4174,0.32,0.52,0.01,3.59,1.92
"239",2021-08-23,"PUBLIC SCHOOL DISTRICT","SPRING HILL SCHOOL DIST",8,NA,NA,12,NA,NA,"spring_hill_school_dist",2906000,"SPRING HILL SCHOOL DISTRICT",31,2,5,31,3,1,495,568,0.05,0.87,0.01,NA,14.08
"240",2021-08-23,"PUBLIC SCHOOL DISTRICT","BERGMAN SCHOOL DIST",7,NA,NA,14,NA,NA,"bergman_school_dist",502000,"BERGMAN SCHOOL DISTRICT",0,1,9,25,13,1,1003,1052,0.02,0.95,0.01,NA,6.65
"241",2021-08-23,"PUBLIC SCHOOL DISTRICT","CAVE CITY SCHOOL DIST",7,NA,NA,11,NA,NA,"cave_city_school_dist",6802000,"CAVE CITY SCHOOL DISTRICT",18,2,20,50,1,0,1081,1172,0.04,0.92,0.02,NA,5.97
"242",2021-08-23,"PUBLIC SCHOOL DISTRICT","DANVILLE SCHOOL DIST",7,NA,NA,11,NA,NA,"danville_school_dist",7503000,"DANVILLE SCHOOL DISTRICT",13,14,7,395,0,0,342,771,0.51,0.44,0.01,NA,9.08
"243",2021-08-23,"PUBLIC SCHOOL DISTRICT","DOVER SCHOOL DIST",7,NA,NA,10,NA,NA,"dover_school_dist",5802000,"DOVER SCHOOL DISTRICT",19,4,3,48,9,2,1139,1224,0.04,0.93,0,NA,5.72
"244",2021-08-23,"PUBLIC SCHOOL DISTRICT","LAWRENCE COUNTY SCHOOL DIST",7,6,11,18,NA,NA,"lawrence_county_school_dist",3810000,"LAWRENCE COUNTY SCHOOL DISTRICT",38,8,3,35,7,1,827,919,0.04,0.9,0,11.97,7.62
"245",2021-08-23,"PUBLIC SCHOOL DISTRICT","RIVERSIDE SCHOOL DIST",7,NA,NA,9,NA,NA,"riverside_school_dist",1613000,"RIVERSIDE SCHOOL DISTRICT",10,0,9,49,2,2,676,748,0.07,0.9,0.01,NA,9.36
"246",2021-08-23,"PUBLIC SCHOOL DISTRICT","SEARCY COUNTY SCHOOL DIST",7,NA,NA,15,NA,NA,"searcy_county_school_dist",6502000,"SEARCY COUNTY SCHOOL DISTRICT",17,1,1,19,1,0,689,728,0.03,0.95,0,NA,9.62
"247",2021-08-23,"PUBLIC SCHOOL DISTRICT","VALLEY SPRINGS SCHOOL DIST",7,NA,NA,11,NA,NA,"valley_springs_school_dist",505000,"VALLEY SPRINGS SCHOOL DISTRICT",7,5,4,13,2,0,800,831,0.02,0.96,0,NA,8.42
"248",2021-08-23,"PUBLIC SCHOOL DISTRICT","WARREN SCHOOL DIST",7,NA,NA,13,NA,NA,"warren_school_dist",602000,"WARREN SCHOOL DISTRICT",41,0,519,386,6,1,576,1529,0.25,0.38,0.34,NA,4.58
"249",2021-08-23,"PUBLIC SCHOOL DISTRICT","ACADEMICS PLUS PUBLIC CHARTER SCHOOLS",6,0,19,30,NA,NA,"academics_plus_public_charter_schools",6040700,"ACADEMICS PLUS PUBLIC CHARTER SCHOOLS",52,72,298,85,8,3,1127,1645,0.05,0.69,0.18,11.55,3.65
"250",2021-08-23,"PUBLIC SCHOOL DISTRICT","ATKINS SCHOOL DIST",6,NA,NA,11,NA,NA,"atkins_school_dist",5801000,"ATKINS SCHOOL DISTRICT",20,0,19,25,0,1,866,931,0.03,0.93,0.02,NA,6.44
"251",2021-08-23,"PUBLIC SCHOOL DISTRICT","CARLISLE SCHOOL DIST",6,5,7,16,NA,NA,"carlisle_school_dist",4303000,"CARLISLE SCHOOL DISTRICT",13,0,71,32,1,0,508,625,0.05,0.81,0.11,11.2,9.6
"252",2021-08-23,"PUBLIC SCHOOL DISTRICT","ENGLAND SCHOOL DIST",6,NA,NA,6,NA,NA,"england_school_dist",4302000,"ENGLAND SCHOOL DISTRICT",21,1,208,59,2,0,330,621,0.1,0.53,0.33,NA,9.66
"253",2021-08-23,"PUBLIC SCHOOL DISTRICT","FORREST CITY SCHOOL DIST",6,NA,NA,10,NA,NA,"forrest_city_school_dist",6201000,"FORREST CITY SCHOOL DISTRICT",13,16,1918,37,2,2,119,2107,0.02,0.06,0.91,NA,2.85
"254",2021-08-23,"PUBLIC SCHOOL DISTRICT","FOUNTAIN LAKE SCHOOL DIST",6,NA,NA,10,NA,NA,"fountain_lake_school_dist",2602000,"FOUNTAIN LAKE SCHOOL DISTRICT",55,4,5,124,6,1,1121,1316,0.09,0.85,0,NA,4.56
"255",2021-08-23,"PUBLIC SCHOOL DISTRICT","JESSIEVILLE SCHOOL DIST",6,NA,NA,12,NA,NA,"jessieville_school_dist",2604000,"JESSIEVILLE SCHOOL DISTRICT",40,7,19,40,5,1,695,807,0.05,0.86,0.02,NA,7.43
"256",2021-08-23,"PUBLIC SCHOOL DISTRICT","LONOKE SCHOOL DIST",6,NA,NA,19,NA,NA,"lonoke_school_dist",4301000,"LONOKE SCHOOL DISTRICT",56,6,349,138,4,0,1034,1587,0.09,0.65,0.22,NA,3.78
"257",2021-08-23,"PUBLIC SCHOOL DISTRICT","MARKED TREE SCHOOL DIST",6,NA,NA,8,NA,NA,"marked_tree_school_dist",5604000,"MARKED TREE SCHOOL DISTRICT",7,0,154,12,0,0,292,465,0.03,0.63,0.33,NA,12.9
"258",2021-08-23,"PUBLIC SCHOOL DISTRICT","OUACHITA SCHOOL DIST",6,NA,NA,8,NA,NA,"ouachita_school_dist",3005000,"OUACHITA SCHOOL DISTRICT",7,1,0,7,3,0,470,488,0.01,0.96,0,NA,12.3
"259",2021-08-23,"PUBLIC SCHOOL DISTRICT","PEA RIDGE SCHOOL DIST",6,6,12,19,NA,NA,"pea_ridge_school_dist",407000,"PEA RIDGE SCHOOL DISTRICT",30,16,25,183,35,4,1923,2216,0.08,0.87,0.01,5.42,2.71
"260",2021-08-23,"PUBLIC SCHOOL DISTRICT","SOUTH CONWAY COUNTY SCHOOL DIST",6,NA,NA,20,NA,NA,"south_conway_county_school_dist",1507000,"SOUTH CONWAY COUNTY SCHOOL DISTRICT",157,9,380,173,8,6,1631,2364,0.07,0.69,0.16,NA,2.54
"261",2021-08-23,"PUBLIC SCHOOL DISTRICT","ARKANSAS ARTS ACADEMY",5,NA,NA,11,NA,NA,"arkansas_arts_academy",440700,"ARKANSAS ARTS ACADEMY",94,16,22,220,10,0,842,1204,0.18,0.7,0.02,NA,4.15
"262",2021-08-23,"PUBLIC SCHOOL DISTRICT","ARKANSAS CONNECTIONS ACADEMY",5,0,7,7,NA,NA,"arkansas_connections_academy",444700,"ARKANSAS CONNECTIONS ACADEMY",176,23,327,212,32,6,2060,2836,0.07,0.73,0.12,2.47,1.76
"263",2021-08-23,"PUBLIC SCHOOL DISTRICT","CADDO HILLS SCHOOL DIST",5,NA,NA,10,NA,NA,"caddo_hills_school_dist",4901000,"CADDO HILLS SCHOOL DISTRICT",14,2,0,84,1,0,449,550,0.15,0.82,0,NA,9.09
"264",2021-08-23,"PUBLIC SCHOOL DISTRICT","CEDAR RIDGE SCHOOL DIST",5,NA,NA,6,NA,NA,"cedar_ridge_school_dist",3212000,"CEDAR RIDGE SCHOOL DISTRICT",3,2,11,34,3,0,632,685,0.05,0.92,0.02,NA,7.3
"265",2021-08-23,"PUBLIC SCHOOL DISTRICT","CLARENDON SCHOOL DIST",5,NA,NA,7,NA,NA,"clarendon_school_dist",4802000,"CLARENDON SCHOOL DISTRICT",39,0,237,32,0,0,140,448,0.07,0.31,0.53,NA,11.16
"266",2021-08-23,"PUBLIC SCHOOL DISTRICT","COTTER SCHOOL DIST",5,0,6,7,NA,NA,"cotter_school_dist",302000,"COTTER SCHOOL DISTRICT",4,2,0,17,4,4,712,743,0.02,0.96,0,8.08,6.73
"267",2021-08-23,"PUBLIC SCHOOL DISTRICT","CROSS COUNTY SCHOOL DIST",5,0,6,7,NA,NA,"cross_county_school_dist",1901000,"CROSS COUNTY SCHOOL DISTRICT",5,0,33,16,1,0,552,607,0.03,0.91,0.05,9.88,8.24
"268",2021-08-23,"PUBLIC SCHOOL DISTRICT","DUMAS SCHOOL DIST",5,NA,NA,9,NA,NA,"dumas_school_dist",2104000,"DUMAS SCHOOL DISTRICT",12,3,742,128,2,0,197,1084,0.12,0.18,0.68,NA,4.61
"269",2021-08-23,"PUBLIC SCHOOL DISTRICT","EXALT ACADEMY OF SOUTHWEST LITTLE ROCK",5,0,7,8,NA,NA,"exalt_academy_of_southwest_little_rock",6055700,"EXALT ACADEMY OF SOUTHWEST LITTLE ROCK",10,0,129,370,0,0,9,518,0.71,0.02,0.25,13.51,9.65
"270",2021-08-23,"PUBLIC SCHOOL DISTRICT","GURDON SCHOOL DIST",5,0,10,18,NA,NA,"gurdon_school_dist",1003000,"GURDON SCHOOL DISTRICT",20,0,164,136,2,0,367,689,0.2,0.53,0.24,14.51,7.26
"271",2021-08-23,"PUBLIC SCHOOL DISTRICT","JACKSON CO. SCHOOL DIST",5,0,7,9,NA,NA,"jackson_co._school_dist",3405000,"JACKSON CO. SCHOOL DISTRICT",20,0,50,11,5,0,759,845,0.01,0.9,0.06,8.28,5.92
"272",2021-08-23,"PUBLIC SCHOOL DISTRICT","JACKSONVILLE LIGHTHOUSE CHARTER",5,NA,NA,6,NA,NA,"jacksonville_lighthouse_charter",6050700,"JACKSONVILLE LIGHTHOUSE CHARTER",4,11,561,63,3,4,155,801,0.08,0.19,0.7,NA,6.24
"273",2021-08-23,"PUBLIC SCHOOL DISTRICT","LAKESIDE SCHOOL DIST(CHICOT)",5,0,7,9,NA,NA,"lakeside_school_dist(chicot)",903000,"LAKESIDE SCHOOL DIST(CHICOT)",10,0,684,124,0,0,80,898,0.14,0.09,0.76,7.8,5.57
"274",2021-08-23,"PUBLIC SCHOOL DISTRICT","LAKESIDE SCHOOL DIST(GARLAND)",5,NA,NA,10,NA,NA,"lakeside_school_dist(garland)",2606000,"LAKESIDE SCHOOL DIST(GARLAND)",160,55,265,414,15,5,2499,3413,0.12,0.73,0.08,NA,1.46
"275",2021-08-23,"PUBLIC SCHOOL DISTRICT","MCGEHEE SCHOOL DIST",5,NA,NA,7,NA,NA,"mcgehee_school_dist",2105000,"MCGEHEE SCHOOL DISTRICT",41,7,510,65,1,0,516,1140,0.06,0.45,0.45,NA,4.39
"276",2021-08-23,"PUBLIC SCHOOL DISTRICT","MOUNT IDA SCHOOL DIST",5,NA,NA,10,NA,NA,"mount_ida_school_dist",4902000,"MOUNT IDA SCHOOL DISTRICT",18,0,1,16,4,0,408,447,0.04,0.91,0,NA,11.19
"277",2021-08-23,"PUBLIC SCHOOL DISTRICT","MOUNTAIN VIEW SCHOOL DIST",5,NA,NA,12,NA,NA,"mountain_view_school_dist",6901000,"MOUNTAIN VIEW SCHOOL DISTRICT",18,5,3,43,5,1,1472,1547,0.03,0.95,0,NA,3.23
"278",2021-08-23,"PUBLIC SCHOOL DISTRICT","PARIS SCHOOL DIST",5,NA,NA,8,NA,NA,"paris_school_dist",4203000,"PARIS SCHOOL DISTRICT",42,22,26,29,4,0,869,992,0.03,0.88,0.03,NA,5.04
"279",2021-08-23,"PUBLIC SCHOOL DISTRICT","VALLEY VIEW SCHOOL DIST",5,NA,NA,21,NA,NA,"valley_view_school_dist",1612000,"VALLEY VIEW SCHOOL DISTRICT",71,108,105,129,6,2,2452,2873,0.04,0.85,0.04,NA,1.74
"280",2021-08-23,"PUBLIC SCHOOL DISTRICT","WALDRON SCHOOL DIST",5,0,7,12,NA,NA,"waldron_school_dist",6401000,"WALDRON SCHOOL DISTRICT",45,40,8,212,36,4,1054,1399,0.15,0.75,0.01,5,3.57
"281",2021-08-19,"PUBLIC SCHOOL DISTRICT","BENTONVILLE SCHOOL DIST",84,16,86,126,NA,NA,"bentonville_school_dist",401000,"BENTONVILLE SCHOOL DISTRICT",839,1388,562,2095,224,95,12767,17970,0.12,0.71,0.03,4.79,4.67
"282",2021-08-19,"PUBLIC SCHOOL DISTRICT","FORT SMITH SCHOOL DIST",63,34,54,103,NA,NA,"fort_smith_school_dist",6601000,"FORT SMITH SCHOOL DISTRICT",1290,737,1504,4703,124,17,5464,13839,0.34,0.39,0.11,3.9,4.55
"283",2021-08-19,"PUBLIC SCHOOL DISTRICT","MARION SCHOOL DIST",63,8,92,137,NA,NA,"marion_school_dist",1804000,"MARION SCHOOL DISTRICT",128,35,2181,248,5,0,1314,3911,0.06,0.34,0.56,23.52,16.11
"284",2021-08-19,"PUBLIC SCHOOL DISTRICT","CABOT SCHOOL DIST",56,10,54,92,NA,NA,"cabot_school_dist",4304000,"CABOT SCHOOL DISTRICT",612,142,269,671,36,19,8422,10171,0.07,0.83,0.03,5.31,5.51
"285",2021-08-19,"PUBLIC SCHOOL DISTRICT","ROGERS SCHOOL DIST",54,17,57,97,NA,NA,"rogers_school_dist",405000,"ROGERS SCHOOL DISTRICT",469,290,234,7332,95,333,6602,15355,0.48,0.43,0.02,3.71,3.52
"286",2021-08-19,"PUBLIC SCHOOL DISTRICT","SPRINGDALE SCHOOL DIST",54,17,58,82,NA,NA,"springdale_school_dist",7207000,"SPRINGDALE SCHOOL DISTRICT",392,321,480,10481,113,2997,7098,21882,0.48,0.32,0.02,2.65,2.47
"287",2021-08-19,"PUBLIC SCHOOL DISTRICT","LITTLE ROCK SCHOOL DIST",43,14,56,83,NA,NA,"little_rock_school_dist",6001000,"LITTLE ROCK SCHOOL DISTRICT",169,691,12557,3247,69,22,3990,20745,0.16,0.19,0.61,2.7,2.07
"288",2021-08-19,"PUBLIC SCHOOL DISTRICT","SEARCY SCHOOL DIST",37,10,62,80,NA,NA,"searcy_school_dist",7311000,"SEARCY SCHOOL DISTRICT",273,55,410,410,3,0,2796,3947,0.1,0.71,0.1,15.71,9.37
"289",2021-08-19,"PUBLIC SCHOOL DISTRICT","RUSSELLVILLE SCHOOL DIST",31,14,26,48,NA,NA,"russellville_school_dist",5805000,"RUSSELLVILLE SCHOOL DISTRICT",258,77,335,1333,11,8,3190,5212,0.26,0.61,0.06,4.99,5.95
"290",2021-08-19,"PUBLIC SCHOOL DISTRICT","NORTH LITTLE ROCK SCHOOL DIST",29,8,29,45,NA,NA,"north_little_rock_school_dist",6002000,"NORTH LITTLE ROCK SCHOOL DISTRICT",173,81,4524,767,53,4,2008,7610,0.1,0.26,0.59,3.81,3.81
"291",2021-08-19,"PUBLIC SCHOOL DISTRICT","FAYETTEVILLE SCHOOL DIST",28,8,42,51,NA,NA,"fayetteville_school_dist",7203000,"FAYETTEVILLE SCHOOL DISTRICT",787,299,981,1245,37,152,6650,10151,0.12,0.66,0.1,4.14,2.76
"292",2021-08-19,"PUBLIC SCHOOL DISTRICT","JONESBORO SCHOOL DIST",28,NA,NA,32,NA,NA,"jonesboro_school_dist",1608000,"JONESBORO SCHOOL DISTRICT",308,38,2960,903,9,0,2123,6341,0.14,0.33,0.47,NA,4.42
"293",2021-08-19,"PUBLIC SCHOOL DISTRICT","CONWAY SCHOOL DIST",26,8,38,50,NA,NA,"conway_school_dist",2301000,"CONWAY SCHOOL DISTRICT",460,165,2887,1094,18,5,5220,9849,0.11,0.53,0.29,3.86,2.64
"294",2021-08-19,"PUBLIC SCHOOL DISTRICT","PULASKI COUNTY SPECIAL SCHOOL DIST",26,8,38,55,NA,NA,"pulaski_county_special_school_dist",6003000,"PULASKI COUNTY SPECIAL SCHOOL DISTRICT",433,290,5075,1098,48,5,4475,11424,0.1,0.39,0.44,3.33,2.28
"295",2021-08-19,"PUBLIC SCHOOL DISTRICT","VILONIA SCHOOL DIST",24,6,22,35,NA,NA,"vilonia_school_dist",2307000,"VILONIA SCHOOL DISTRICT",2,6,55,135,16,4,2745,2963,0.05,0.93,0.02,7.42,8.1
"296",2021-08-19,"PUBLIC SCHOOL DISTRICT","MOUNTAIN HOME SCHOOL DIST",23,12,29,43,NA,NA,"mountain_home_school_dist",303000,"MOUNTAIN HOME SCHOOL DISTRICT",132,26,12,172,18,9,3512,3881,0.04,0.9,0,7.47,5.93
"297",2021-08-19,"PUBLIC SCHOOL DISTRICT","BRYANT SCHOOL DIST",21,8,29,49,NA,NA,"bryant_school_dist",6303000,"BRYANT SCHOOL DISTRICT",208,179,1677,1417,12,7,5714,9214,0.15,0.62,0.18,3.15,2.28
"298",2021-08-19,"PUBLIC SCHOOL DISTRICT","GREENE COUNTY TECH SCHOOL DIST",21,8,19,30,NA,NA,"greene_county_tech_school_dist",2807000,"GREENE COUNTY TECH SCHOOL DISTRICT",13,22,83,114,9,24,3260,3525,0.03,0.92,0.02,5.39,5.96
"299",2021-08-19,"PUBLIC SCHOOL DISTRICT","NETTLETON SCHOOL DIST",21,NA,NA,31,NA,NA,"nettleton_school_dist",1611000,"NETTLETON SCHOOL DISTRICT",169,47,1697,338,7,5,1148,3411,0.1,0.34,0.5,NA,6.16
"300",2021-08-19,"PUBLIC SCHOOL DISTRICT","WEST MEMPHIS SCHOOL DIST",20,NA,NA,30,NA,NA,"west_memphis_school_dist",1803000,"WEST MEMPHIS SCHOOL DISTRICT",63,13,3843,91,1,0,1049,5060,0.02,0.21,0.76,NA,3.95
"301",2021-08-19,"PUBLIC SCHOOL DISTRICT","PARAGOULD SCHOOL DIST",19,NA,NA,31,NA,NA,"paragould_school_dist",2808000,"PARAGOULD SCHOOL DISTRICT",108,15,235,200,8,68,2437,3071,0.07,0.79,0.08,NA,6.19
"302",2021-08-19,"PUBLIC SCHOOL DISTRICT","SHERIDAN SCHOOL DIST",19,9,23,36,NA,NA,"sheridan_school_dist",2705000,"SHERIDAN SCHOOL DISTRICT",101,56,100,244,14,0,3588,4103,0.06,0.87,0.02,5.61,4.63
"303",2021-08-19,"PUBLIC SCHOOL DISTRICT","LAKE HAMILTON SCHOOL DIST",18,6,37,45,NA,NA,"lake_hamilton_school_dist",2605000,"LAKE HAMILTON SCHOOL DISTRICT",271,22,158,533,19,3,3245,4251,0.13,0.76,0.04,8.7,4.23
"304",2021-08-19,"PUBLIC SCHOOL DISTRICT","LISA ACADEMY",18,NA,NA,26,NA,NA,"lisa_academy",6041700,"LISA ACADEMY",122,223,1374,900,18,16,689,3342,0.27,0.21,0.41,NA,5.39
"305",2021-08-19,"PUBLIC SCHOOL DISTRICT","MAGNOLIA SCHOOL DIST",17,NA,NA,30,NA,NA,"magnolia_school_dist",1402000,"MAGNOLIA SCHOOL DISTRICT",115,23,1374,122,5,0,947,2586,0.05,0.37,0.53,NA,6.57
"306",2021-08-19,"PUBLIC SCHOOL DISTRICT","HARRISBURG SCHOOL DIST",15,6,9,19,NA,NA,"harrisburg_school_dist",5602000,"HARRISBURG SCHOOL DISTRICT",12,1,37,48,4,0,997,1099,0.04,0.91,0.03,8.19,13.65
"307",2021-08-19,"PUBLIC SCHOOL DISTRICT","HIGHLAND SCHOOL DIST",15,NA,NA,25,NA,NA,"highland_school_dist",6804000,"HIGHLAND SCHOOL DISTRICT",9,3,21,34,3,3,1524,1597,0.02,0.95,0.01,NA,9.39
"308",2021-08-19,"PUBLIC SCHOOL DISTRICT","BENTON SCHOOL DIST",14,NA,NA,31,NA,NA,"benton_school_dist",6302000,"BENTON SCHOOL DISTRICT",225,51,497,512,14,8,4115,5422,0.09,0.76,0.09,NA,2.58
"309",2021-08-19,"PUBLIC SCHOOL DISTRICT","CAMDEN FAIRVIEW SCHOOL DIST",14,5,8,20,NA,NA,"camden_fairview_school_dist",5204000,"CAMDEN FAIRVIEW SCHOOL DISTRICT",93,14,1404,61,4,1,652,2229,0.03,0.29,0.63,3.59,6.28
"310",2021-08-19,"PUBLIC SCHOOL DISTRICT","GENTRY SCHOOL DIST",14,NA,NA,17,NA,NA,"gentry_school_dist",403000,"GENTRY SCHOOL DISTRICT",133,121,7,229,49,5,900,1444,0.16,0.62,0,NA,9.7
"311",2021-08-19,"PUBLIC SCHOOL DISTRICT","BERRYVILLE SCHOOL DIST",13,NA,NA,15,NA,NA,"berryville_school_dist",801000,"BERRYVILLE SCHOOL DISTRICT",26,33,5,498,7,87,1176,1832,0.27,0.64,0,NA,7.1
"312",2021-08-19,"PUBLIC SCHOOL DISTRICT","FARMINGTON SCHOOL DIST",13,NA,NA,20,NA,NA,"farmington_school_dist",7202000,"FARMINGTON SCHOOL DISTRICT",158,13,78,234,17,3,2069,2572,0.09,0.8,0.03,NA,5.05
"313",2021-08-19,"PUBLIC SCHOOL DISTRICT","PRAIRIE GROVE SCHOOL DIST",13,NA,NA,22,NA,NA,"prairie_grove_school_dist",7206000,"PRAIRIE GROVE SCHOOL DISTRICT",47,23,43,139,61,5,1727,2045,0.07,0.84,0.02,NA,6.36
"314",2021-08-19,"PUBLIC SCHOOL DISTRICT","WYNNE SCHOOL DIST",13,NA,NA,18,NA,NA,"wynne_school_dist",1905000,"WYNNE SCHOOL DISTRICT",35,29,784,74,4,0,1642,2568,0.03,0.64,0.31,NA,5.06
"315",2021-08-19,"PUBLIC SCHOOL DISTRICT","ACADEMICS PLUS PUBLIC CHARTER SCHOOLS",12,0,18,28,NA,NA,"academics_plus_public_charter_schools",6040700,"ACADEMICS PLUS PUBLIC CHARTER SCHOOLS",52,72,298,85,8,3,1127,1645,0.05,0.69,0.18,10.94,7.29
"316",2021-08-19,"PUBLIC SCHOOL DISTRICT","BATESVILLE SCHOOL DIST",12,NA,NA,22,NA,NA,"batesville_school_dist",3201000,"BATESVILLE SCHOOL DISTRICT",67,42,182,784,10,7,1967,3059,0.26,0.64,0.06,NA,3.92
"317",2021-08-19,"PUBLIC SCHOOL DISTRICT","BROOKLAND SCHOOL DIST",12,NA,NA,22,NA,NA,"brookland_school_dist",1603000,"BROOKLAND SCHOOL DISTRICT",48,14,80,124,3,0,2488,2757,0.04,0.9,0.03,NA,4.35
"318",2021-08-19,"PUBLIC SCHOOL DISTRICT","FLIPPIN SCHOOL DIST",12,NA,NA,13,NA,NA,"flippin_school_dist",4501000,"FLIPPIN SCHOOL DISTRICT",21,3,1,22,2,1,795,845,0.03,0.94,0,NA,14.2
"319",2021-08-19,"PUBLIC SCHOOL DISTRICT","HAMBURG SCHOOL DIST",12,NA,NA,13,NA,NA,"hamburg_school_dist",203000,"HAMBURG SCHOOL DISTRICT",29,1,317,305,1,0,963,1616,0.19,0.6,0.2,NA,7.43
"320",2021-08-19,"PUBLIC SCHOOL DISTRICT","MENA SCHOOL DIST",12,NA,NA,15,NA,NA,"mena_school_dist",5703000,"MENA SCHOOL DISTRICT",28,20,12,97,32,3,1525,1717,0.06,0.89,0.01,NA,6.99
"321",2021-08-19,"PUBLIC SCHOOL DISTRICT","POCAHONTAS SCHOOL DIST",12,NA,NA,13,NA,NA,"pocahontas_school_dist",6103000,"POCAHONTAS SCHOOL DISTRICT",72,18,15,67,5,201,1559,1937,0.03,0.8,0.01,NA,6.2
"322",2021-08-19,"PUBLIC SCHOOL DISTRICT","STUTTGART SCHOOL DIST",12,NA,NA,17,NA,NA,"stuttgart_school_dist",104000,"STUTTGART SCHOOL DISTRICT",72,16,700,129,4,0,644,1565,0.08,0.41,0.45,NA,7.67
"323",2021-08-19,"PUBLIC SCHOOL DISTRICT","WATSON CHAPEL SCHOOL DIST",12,NA,NA,13,NA,NA,"watson_chapel_school_dist",3509000,"WATSON CHAPEL SCHOOL DISTRICT",19,27,1823,37,1,0,241,2148,0.02,0.11,0.85,NA,5.59
"324",2021-08-19,"PUBLIC SCHOOL DISTRICT","WHITE HALL SCHOOL DIST",12,7,10,22,NA,NA,"white_hall_school_dist",3510000,"WHITE HALL SCHOOL DISTRICT",78,98,686,84,5,12,1943,2906,0.03,0.67,0.24,3.44,4.13
"325",2021-08-19,"PUBLIC SCHOOL DISTRICT","CLARKSVILLE SCHOOL DIST",11,NA,NA,16,NA,NA,"clarksville_school_dist",3601000,"CLARKSVILLE SCHOOL DISTRICT",100,202,27,875,6,14,1212,2436,0.36,0.5,0.01,NA,4.52
"326",2021-08-19,"PUBLIC SCHOOL DISTRICT","GURDON SCHOOL DIST",11,0,10,17,NA,NA,"gurdon_school_dist",1003000,"GURDON SCHOOL DISTRICT",20,0,164,136,2,0,367,689,0.2,0.53,0.24,14.51,15.97
"327",2021-08-19,"PUBLIC SCHOOL DISTRICT","MARMADUKE SCHOOL DIST",11,NA,NA,13,NA,NA,"marmaduke_school_dist",2803000,"MARMADUKE SCHOOL DISTRICT",10,0,1,17,2,0,618,648,0.03,0.95,0,NA,16.98
"328",2021-08-19,"PUBLIC SCHOOL DISTRICT","ASHDOWN SCHOOL DIST",10,NA,NA,20,NA,NA,"ashdown_school_dist",4101000,"ASHDOWN SCHOOL DISTRICT",87,2,334,61,7,0,857,1348,0.05,0.64,0.25,NA,7.42
"329",2021-08-19,"PUBLIC SCHOOL DISTRICT","COSSATOT RIVER SCHOOL DIST",10,5,5,12,NA,NA,"cossatot_river_school_dist",5707000,"COSSATOT RIVER SCHOOL DISTRICT",41,0,3,253,27,3,579,906,0.28,0.64,0,5.52,11.04
"330",2021-08-19,"PUBLIC SCHOOL DISTRICT","CROSSETT SCHOOL DIST",10,NA,NA,12,NA,NA,"crossett_school_dist",201000,"CROSSETT SCHOOL DISTRICT",33,8,520,45,1,0,962,1569,0.03,0.61,0.33,NA,6.37
"331",2021-08-19,"PUBLIC SCHOOL DISTRICT","HOPE SCHOOL DIST",10,NA,NA,11,NA,NA,"hope_school_dist",2903000,"HOPE SCHOOL DISTRICT",59,9,1001,760,4,1,452,2286,0.33,0.2,0.44,NA,4.37
"332",2021-08-19,"PUBLIC SCHOOL DISTRICT","STAR CITY SCHOOL DIST",10,NA,NA,15,NA,NA,"star_city_school_dist",4003000,"STAR CITY SCHOOL DISTRICT",48,5,255,122,2,0,944,1376,0.09,0.69,0.19,NA,7.27
"333",2021-08-19,"PUBLIC SCHOOL DISTRICT","ALMA SCHOOL DIST",9,0,6,10,NA,NA,"alma_school_dist",1701000,"ALMA SCHOOL DISTRICT",205,18,47,143,65,2,2770,3250,0.04,0.85,0.01,1.85,2.77
"334",2021-08-19,"PUBLIC SCHOOL DISTRICT","HUNTSVILLE SCHOOL DIST",9,0,6,13,NA,NA,"huntsville_school_dist",4401000,"HUNTSVILLE SCHOOL DISTRICT",62,14,6,232,15,83,1770,2182,0.11,0.81,0,2.75,4.12
"335",2021-08-19,"PUBLIC SCHOOL DISTRICT","JACKSONVILLE NORTH PULASKI SCHOOL DIST",8,NA,NA,19,NA,NA,"jacksonville_north_pulaski_school_dist",6004000,"JACKSONVILLE NORTH PULASKI SCHOOL DISTRICT",155,32,2004,289,18,5,1278,3781,0.08,0.34,0.53,NA,2.12
"336",2021-08-19,"PUBLIC SCHOOL DISTRICT","LAMAR SCHOOL DIST",8,6,10,18,NA,NA,"lamar_school_dist",3604000,"LAMAR SCHOOL DISTRICT",34,5,22,91,6,0,1146,1304,0.07,0.88,0.02,7.67,6.13
"337",2021-08-19,"PUBLIC SCHOOL DISTRICT","LONOKE SCHOOL DIST",8,NA,NA,16,NA,NA,"lonoke_school_dist",4301000,"LONOKE SCHOOL DISTRICT",56,6,349,138,4,0,1034,1587,0.09,0.65,0.22,NA,5.04
"338",2021-08-19,"PUBLIC SCHOOL DISTRICT","MALVERN SCHOOL DIST",8,NA,NA,26,NA,NA,"malvern_school_dist",3004000,"MALVERN SCHOOL DISTRICT",177,8,553,199,6,1,961,1905,0.1,0.5,0.29,NA,4.2
"339",2021-08-19,"PUBLIC SCHOOL DISTRICT","PEA RIDGE SCHOOL DIST",8,6,9,16,NA,NA,"pea_ridge_school_dist",407000,"PEA RIDGE SCHOOL DISTRICT",30,16,25,183,35,4,1923,2216,0.08,0.87,0.01,4.06,3.61
"340",2021-08-19,"PUBLIC SCHOOL DISTRICT","PINE BLUFF SCHOOL DIST",8,NA,NA,13,NA,NA,"pine_bluff_school_dist",3505000,"PINE BLUFF SCHOOL DISTRICT",23,13,2680,39,5,1,38,2799,0.01,0.01,0.96,NA,2.86
"341",2021-08-19,"PUBLIC SCHOOL DISTRICT","SEARCY COUNTY SCHOOL DIST",8,NA,NA,12,NA,NA,"searcy_county_school_dist",6502000,"SEARCY COUNTY SCHOOL DISTRICT",17,1,1,19,1,0,689,728,0.03,0.95,0,NA,10.99
"342",2021-08-19,"PUBLIC SCHOOL DISTRICT","VALLEY VIEW SCHOOL DIST",8,NA,NA,18,NA,NA,"valley_view_school_dist",1612000,"VALLEY VIEW SCHOOL DISTRICT",71,108,105,129,6,2,2452,2873,0.04,0.85,0.04,NA,2.78
"343",2021-08-19,"PUBLIC SCHOOL DISTRICT","GOSNELL SCHOOL DIST",7,NA,NA,9,NA,NA,"gosnell_school_dist",4708000,"GOSNELL SCHOOL DISTRICT",62,5,243,94,0,2,802,1208,0.08,0.66,0.2,NA,5.79
"344",2021-08-19,"PUBLIC SCHOOL DISTRICT","GREENWOOD SCHOOL DIST",7,NA,NA,16,NA,NA,"greenwood_school_dist",6602000,"GREENWOOD SCHOOL DISTRICT",213,59,32,190,82,7,3143,3726,0.05,0.84,0.01,NA,1.88
"345",2021-08-19,"PUBLIC SCHOOL DISTRICT","HEBER SPRINGS SCHOOL DIST",7,NA,NA,9,NA,NA,"heber_springs_school_dist",1202000,"HEBER SPRINGS SCHOOL DISTRICT",34,9,8,74,5,1,1406,1537,0.05,0.91,0.01,NA,4.55
"346",2021-08-19,"PUBLIC SCHOOL DISTRICT","HOXIE SCHOOL DIST",7,0,7,7,NA,NA,"hoxie_school_dist",3804000,"HOXIE SCHOOL DISTRICT",25,1,13,22,2,0,757,820,0.03,0.92,0.02,8.54,8.54
"347",2021-08-19,"PUBLIC SCHOOL DISTRICT","LINCOLN SCHOOL DIST",7,NA,NA,7,NA,NA,"lincoln_school_dist",7205000,"LINCOLN SCHOOL DISTRICT",42,31,6,97,36,2,793,1007,0.1,0.79,0.01,NA,6.95
"348",2021-08-19,"PUBLIC SCHOOL DISTRICT","MOUNT IDA SCHOOL DIST",7,NA,NA,9,NA,NA,"mount_ida_school_dist",4902000,"MOUNT IDA SCHOOL DISTRICT",18,0,1,16,4,0,408,447,0.04,0.91,0,NA,15.66
"349",2021-08-19,"PUBLIC SCHOOL DISTRICT","NASHVILLE SCHOOL DIST",7,0,12,12,NA,NA,"nashville_school_dist",3105000,"NASHVILLE SCHOOL DISTRICT",21,7,423,437,4,3,983,1878,0.23,0.52,0.23,6.39,3.73
"350",2021-08-19,"PUBLIC SCHOOL DISTRICT","ROSE BUD SCHOOL DIST",7,0,8,10,NA,NA,"rose_bud_school_dist",7310000,"ROSE BUD SCHOOL DISTRICT",0,1,2,38,5,0,700,746,0.05,0.94,0,10.72,9.38
"351",2021-08-19,"PUBLIC SCHOOL DISTRICT","TRUMANN SCHOOL DIST",7,NA,NA,12,NA,NA,"trumann_school_dist",5605000,"TRUMANN SCHOOL DISTRICT",69,7,180,101,1,0,1110,1468,0.07,0.76,0.12,NA,4.77
"352",2021-08-19,"PUBLIC SCHOOL DISTRICT","VALLEY SPRINGS SCHOOL DIST",7,NA,NA,9,NA,NA,"valley_springs_school_dist",505000,"VALLEY SPRINGS SCHOOL DISTRICT",7,5,4,13,2,0,800,831,0.02,0.96,0,NA,8.42
"353",2021-08-19,"PUBLIC SCHOOL DISTRICT","VAN BUREN SCHOOL DIST",7,5,11,16,NA,NA,"van_buren_school_dist",1705000,"VAN BUREN SCHOOL DISTRICT",380,132,155,1021,76,8,3634,5406,0.19,0.67,0.03,2.03,1.29
"354",2021-08-19,"PUBLIC SCHOOL DISTRICT","ATKINS SCHOOL DIST",6,NA,NA,7,NA,NA,"atkins_school_dist",5801000,"ATKINS SCHOOL DISTRICT",20,0,19,25,0,1,866,931,0.03,0.93,0.02,NA,6.44
"355",2021-08-19,"PUBLIC SCHOOL DISTRICT","BAUXITE SCHOOL DIST",6,NA,NA,9,NA,NA,"bauxite_school_dist",6301000,"BAUXITE SCHOOL DISTRICT",25,5,42,66,7,0,1449,1594,0.04,0.91,0.03,NA,3.76
"356",2021-08-19,"PUBLIC SCHOOL DISTRICT","BEEBE SCHOOL DIST",6,NA,NA,12,NA,NA,"beebe_school_dist",7302000,"BEEBE SCHOOL DISTRICT",121,10,126,169,13,1,2740,3180,0.05,0.86,0.04,NA,1.89
"357",2021-08-19,"PUBLIC SCHOOL DISTRICT","DANVILLE SCHOOL DIST",6,NA,NA,9,NA,NA,"danville_school_dist",7503000,"DANVILLE SCHOOL DISTRICT",13,14,7,395,0,0,342,771,0.51,0.44,0.01,NA,7.78
"358",2021-08-19,"PUBLIC SCHOOL DISTRICT","DARDANELLE SCHOOL DIST",6,NA,NA,13,NA,NA,"dardanelle_school_dist",7504000,"DARDANELLE SCHOOL DISTRICT",45,14,45,694,5,0,1272,2075,0.33,0.61,0.02,NA,2.89
"359",2021-08-19,"PUBLIC SCHOOL DISTRICT","DUMAS SCHOOL DIST",6,NA,NA,8,NA,NA,"dumas_school_dist",2104000,"DUMAS SCHOOL DISTRICT",12,3,742,128,2,0,197,1084,0.12,0.18,0.68,NA,5.54
"360",2021-08-19,"PUBLIC SCHOOL DISTRICT","ENGLAND SCHOOL DIST",6,NA,NA,6,NA,NA,"england_school_dist",4302000,"ENGLAND SCHOOL DISTRICT",21,1,208,59,2,0,330,621,0.1,0.53,0.33,NA,9.66
"361",2021-08-19,"PUBLIC SCHOOL DISTRICT","FOUKE SCHOOL DIST",6,NA,NA,6,NA,NA,"fouke_school_dist",4603000,"FOUKE SCHOOL DISTRICT",22,1,6,15,11,0,1002,1057,0.01,0.95,0.01,NA,5.68
"362",2021-08-19,"PUBLIC SCHOOL DISTRICT","GLEN ROSE SCHOOL DIST",6,0,11,11,NA,NA,"glen_rose_school_dist",3002000,"GLEN ROSE SCHOOL DISTRICT",29,1,9,36,9,0,914,998,0.04,0.92,0.01,11.02,6.01
"363",2021-08-19,"PUBLIC SCHOOL DISTRICT","GREENLAND SCHOOL DIST",6,0,7,7,NA,NA,"greenland_school_dist",7204000,"GREENLAND SCHOOL DISTRICT",50,2,10,54,6,2,619,743,0.07,0.83,0.01,9.42,8.08
"364",2021-08-19,"PUBLIC SCHOOL DISTRICT","LAWRENCE COUNTY SCHOOL DIST",6,6,10,17,NA,NA,"lawrence_county_school_dist",3810000,"LAWRENCE COUNTY SCHOOL DISTRICT",38,8,3,35,7,1,827,919,0.04,0.9,0,10.88,6.53
"365",2021-08-19,"PUBLIC SCHOOL DISTRICT","MARKED TREE SCHOOL DIST",6,NA,NA,8,NA,NA,"marked_tree_school_dist",5604000,"MARKED TREE SCHOOL DISTRICT",7,0,154,12,0,0,292,465,0.03,0.63,0.33,NA,12.9
"366",2021-08-19,"PUBLIC SCHOOL DISTRICT","MONTICELLO SCHOOL DIST",6,5,7,13,NA,NA,"monticello_school_dist",2203000,"MONTICELLO SCHOOL DISTRICT",7,19,665,72,6,0,902,1671,0.04,0.54,0.4,4.19,3.59
"367",2021-08-19,"PUBLIC SCHOOL DISTRICT","SOUTH CONWAY COUNTY SCHOOL DIST",6,NA,NA,16,NA,NA,"south_conway_county_school_dist",1507000,"SOUTH CONWAY COUNTY SCHOOL DISTRICT",157,9,380,173,8,6,1631,2364,0.07,0.69,0.16,NA,2.54
"368",2021-08-19,"PUBLIC SCHOOL DISTRICT","CAVE CITY SCHOOL DIST",5,NA,NA,8,NA,NA,"cave_city_school_dist",6802000,"CAVE CITY SCHOOL DISTRICT",18,2,20,50,1,0,1081,1172,0.04,0.92,0.02,NA,4.27
"369",2021-08-19,"PUBLIC SCHOOL DISTRICT","CLINTON SCHOOL DIST",5,NA,NA,11,NA,NA,"clinton_school_dist",7102000,"CLINTON SCHOOL DISTRICT",15,5,5,89,2,0,1122,1238,0.07,0.91,0,NA,4.04
"370",2021-08-19,"PUBLIC SCHOOL DISTRICT","CROSS COUNTY SCHOOL DIST",5,0,6,7,NA,NA,"cross_county_school_dist",1901000,"CROSS COUNTY SCHOOL DISTRICT",5,0,33,16,1,0,552,607,0.03,0.91,0.05,9.88,8.24
"371",2021-08-19,"PUBLIC SCHOOL DISTRICT","EXALT ACADEMY OF SOUTHWEST LITTLE ROCK",5,NA,NA,5,NA,NA,"exalt_academy_of_southwest_little_rock",6055700,"EXALT ACADEMY OF SOUTHWEST LITTLE ROCK",10,0,129,370,0,0,9,518,0.71,0.02,0.25,NA,9.65
"372",2021-08-19,"PUBLIC SCHOOL DISTRICT","GRAVETTE SCHOOL DIST",5,NA,NA,6,NA,NA,"gravette_school_dist",404000,"GRAVETTE SCHOOL DISTRICT",75,25,7,138,44,9,1562,1860,0.07,0.84,0,NA,2.69
"373",2021-08-19,"PUBLIC SCHOOL DISTRICT","GREENBRIER SCHOOL DIST",5,6,15,21,NA,NA,"greenbrier_school_dist",2303000,"GREENBRIER SCHOOL DISTRICT",72,17,67,131,14,3,3264,3568,0.04,0.91,0.02,4.2,1.4
"374",2021-08-19,"PUBLIC SCHOOL DISTRICT","HARMONY GROVE SCH DIST(SALINE)",5,NA,NA,8,NA,NA,"harmony_grove_sch_dist(saline)",6304000,"HARMONY GROVE SCH DIST(SALINE)",37,5,18,54,3,1,1103,1221,0.04,0.9,0.01,NA,4.1
"375",2021-08-19,"PUBLIC SCHOOL DISTRICT","HARRISON SCHOOL DIST",5,NA,NA,11,NA,NA,"harrison_school_dist",503000,"HARRISON SCHOOL DISTRICT",73,14,11,114,10,2,2482,2706,0.04,0.92,0,NA,1.85
"376",2021-08-19,"PUBLIC SCHOOL DISTRICT","JACKSON CO. SCHOOL DIST",5,0,5,7,NA,NA,"jackson_co._school_dist",3405000,"JACKSON CO. SCHOOL DISTRICT",20,0,50,11,5,0,759,845,0.01,0.9,0.06,5.92,5.92
"377",2021-08-19,"PUBLIC SCHOOL DISTRICT","JESSIEVILLE SCHOOL DIST",5,NA,NA,11,NA,NA,"jessieville_school_dist",2604000,"JESSIEVILLE SCHOOL DISTRICT",40,7,19,40,5,1,695,807,0.05,0.86,0.02,NA,6.2
"378",2021-08-19,"PUBLIC SCHOOL DISTRICT","LAKESIDE SCHOOL DIST(CHICOT)",5,0,5,7,NA,NA,"lakeside_school_dist(chicot)",903000,"LAKESIDE SCHOOL DIST(CHICOT)",10,0,684,124,0,0,80,898,0.14,0.09,0.76,5.57,5.57
"379",2021-08-19,"PUBLIC SCHOOL DISTRICT","MCCRORY SCHOOL DIST",5,NA,NA,9,NA,NA,"mccrory_school_dist",7403000,"MCCRORY SCHOOL DISTRICT",1,5,63,9,1,0,472,551,0.02,0.86,0.11,NA,9.07
"380",2021-08-19,"PUBLIC SCHOOL DISTRICT","MT. VERNON/ENOLA SCHOOL DIST",5,NA,NA,8,NA,NA,"mt._vernon/enola_school_dist",2306000,"MT. VERNON/ENOLA SCHOOL DISTRICT",0,2,8,3,5,0,481,499,0.01,0.96,0.02,NA,10.02
"381",2021-08-19,"PUBLIC SCHOOL DISTRICT","OZARK SCHOOL DIST",5,NA,NA,9,NA,NA,"ozark_school_dist",2404000,"OZARK SCHOOL DISTRICT",49,11,2,58,20,6,1591,1737,0.03,0.92,0,NA,2.88
"382",2021-08-19,"PUBLIC SCHOOL DISTRICT","PANGBURN SCHOOL DIST",5,NA,NA,9,NA,NA,"pangburn_school_dist",7309000,"PANGBURN SCHOOL DISTRICT",8,0,11,23,0,1,719,762,0.03,0.94,0.01,NA,6.56
"383",2021-08-19,"PUBLIC SCHOOL DISTRICT","RIVERVIEW SCHOOL DIST",5,NA,NA,9,NA,NA,"riverview_school_dist",7307000,"RIVERVIEW SCHOOL DISTRICT",75,2,109,176,0,1,795,1158,0.15,0.69,0.09,NA,4.32
"384",2021-08-19,"PUBLIC SCHOOL DISTRICT","SILOAM SPRINGS SCHOOL DIST",5,0,11,11,NA,NA,"siloam_springs_school_dist",406000,"SILOAM SPRINGS SCHOOL DISTRICT",221,131,48,1343,228,15,2188,4174,0.32,0.52,0.01,2.64,1.2
"385",2021-08-19,"PUBLIC SCHOOL DISTRICT","SPRING HILL SCHOOL DIST",5,NA,NA,6,NA,NA,"spring_hill_school_dist",2906000,"SPRING HILL SCHOOL DISTRICT",31,2,5,31,3,1,495,568,0.05,0.87,0.01,NA,8.8
"386",2021-08-16,"PUBLIC SCHOOL DISTRICT","MARION SCHOOL DIST",74,8,77,117,NA,NA,"marion_school_dist",1804000,"MARION SCHOOL DISTRICT",128,35,2181,248,5,0,1314,3911,0.06,0.34,0.56,19.69,18.92
"387",2021-08-16,"PUBLIC SCHOOL DISTRICT","BENTONVILLE SCHOOL DIST",52,11,50,75,NA,NA,"bentonville_school_dist",401000,"BENTONVILLE SCHOOL DISTRICT",839,1388,562,2095,224,95,12767,17970,0.12,0.71,0.03,2.78,2.89
"388",2021-08-16,"PUBLIC SCHOOL DISTRICT","FORT SMITH SCHOOL DIST",49,26,36,73,NA,NA,"fort_smith_school_dist",6601000,"FORT SMITH SCHOOL DISTRICT",1290,737,1504,4703,124,17,5464,13839,0.34,0.39,0.11,2.6,3.54
"389",2021-08-16,"PUBLIC SCHOOL DISTRICT","CABOT SCHOOL DIST",41,9,28,58,NA,NA,"cabot_school_dist",4304000,"CABOT SCHOOL DISTRICT",612,142,269,671,36,19,8422,10171,0.07,0.83,0.03,2.75,4.03
"390",2021-08-16,"PUBLIC SCHOOL DISTRICT","LITTLE ROCK SCHOOL DIST",40,10,37,60,NA,NA,"little_rock_school_dist",6001000,"LITTLE ROCK SCHOOL DISTRICT",169,691,12557,3247,69,22,3990,20745,0.16,0.19,0.61,1.78,1.93
"391",2021-08-16,"PUBLIC SCHOOL DISTRICT","SPRINGDALE SCHOOL DIST",34,12,36,50,NA,NA,"springdale_school_dist",7207000,"SPRINGDALE SCHOOL DISTRICT",392,321,480,10481,113,2997,7098,21882,0.48,0.32,0.02,1.65,1.55
"392",2021-08-16,"PUBLIC SCHOOL DISTRICT","SEARCY SCHOOL DIST",28,7,44,58,NA,NA,"searcy_school_dist",7311000,"SEARCY SCHOOL DISTRICT",273,55,410,410,3,0,2796,3947,0.1,0.71,0.1,11.15,7.09
"393",2021-08-16,"PUBLIC SCHOOL DISTRICT","ROGERS SCHOOL DIST",27,14,29,58,NA,NA,"rogers_school_dist",405000,"ROGERS SCHOOL DISTRICT",469,290,234,7332,95,333,6602,15355,0.48,0.43,0.02,1.89,1.76
"394",2021-08-16,"PUBLIC SCHOOL DISTRICT","PULASKI COUNTY SPECIAL SCHOOL DIST",26,NA,NA,40,NA,NA,"pulaski_county_special_school_dist",6003000,"PULASKI COUNTY SPECIAL SCHOOL DISTRICT",433,290,5075,1098,48,5,4475,11424,0.1,0.39,0.44,NA,2.28
"395",2021-08-16,"PUBLIC SCHOOL DISTRICT","FAYETTEVILLE SCHOOL DIST",25,8,31,40,NA,NA,"fayetteville_school_dist",7203000,"FAYETTEVILLE SCHOOL DISTRICT",787,299,981,1245,37,152,6650,10151,0.12,0.66,0.1,3.05,2.46
"396",2021-08-16,"PUBLIC SCHOOL DISTRICT","CONWAY SCHOOL DIST",22,7,29,38,NA,NA,"conway_school_dist",2301000,"CONWAY SCHOOL DISTRICT",460,165,2887,1094,18,5,5220,9849,0.11,0.53,0.29,2.94,2.23
"397",2021-08-16,"PUBLIC SCHOOL DISTRICT","MOUNTAIN HOME SCHOOL DIST",22,10,25,38,NA,NA,"mountain_home_school_dist",303000,"MOUNTAIN HOME SCHOOL DISTRICT",132,26,12,172,18,9,3512,3881,0.04,0.9,0,6.44,5.67
"398",2021-08-16,"PUBLIC SCHOOL DISTRICT","ACADEMICS PLUS PUBLIC CHARTER SCHOOLS",21,0,16,27,NA,NA,"academics_plus_public_charter_schools",6040700,"ACADEMICS PLUS PUBLIC CHARTER SCHOOLS",52,72,298,85,8,3,1127,1645,0.05,0.69,0.18,9.73,12.77
"399",2021-08-16,"PUBLIC SCHOOL DISTRICT","BRYANT SCHOOL DIST",21,6,23,36,NA,NA,"bryant_school_dist",6303000,"BRYANT SCHOOL DISTRICT",208,179,1677,1417,12,7,5714,9214,0.15,0.62,0.18,2.5,2.28
"400",2021-08-16,"PUBLIC SCHOOL DISTRICT","NORTH LITTLE ROCK SCHOOL DIST",21,7,17,32,NA,NA,"north_little_rock_school_dist",6002000,"NORTH LITTLE ROCK SCHOOL DISTRICT",173,81,4524,767,53,4,2008,7610,0.1,0.26,0.59,2.23,2.76
"401",2021-08-16,"PUBLIC SCHOOL DISTRICT","LAKE HAMILTON SCHOOL DIST",20,6,23,30,NA,NA,"lake_hamilton_school_dist",2605000,"LAKE HAMILTON SCHOOL DISTRICT",271,22,158,533,19,3,3245,4251,0.13,0.76,0.04,5.41,4.7
"402",2021-08-16,"PUBLIC SCHOOL DISTRICT","SHERIDAN SCHOOL DIST",17,8,19,29,NA,NA,"sheridan_school_dist",2705000,"SHERIDAN SCHOOL DISTRICT",101,56,100,244,14,0,3588,4103,0.06,0.87,0.02,4.63,4.14
"403",2021-08-16,"PUBLIC SCHOOL DISTRICT","RUSSELLVILLE SCHOOL DIST",16,9,10,23,NA,NA,"russellville_school_dist",5805000,"RUSSELLVILLE SCHOOL DISTRICT",258,77,335,1333,11,8,3190,5212,0.26,0.61,0.06,1.92,3.07
"404",2021-08-16,"PUBLIC SCHOOL DISTRICT","BENTON SCHOOL DIST",15,NA,NA,25,NA,NA,"benton_school_dist",6302000,"BENTON SCHOOL DISTRICT",225,51,497,512,14,8,4115,5422,0.09,0.76,0.09,NA,2.77
"405",2021-08-16,"PUBLIC SCHOOL DISTRICT","JONESBORO SCHOOL DIST",15,NA,NA,18,NA,NA,"jonesboro_school_dist",1608000,"JONESBORO SCHOOL DISTRICT",308,38,2960,903,9,0,2123,6341,0.14,0.33,0.47,NA,2.37
"406",2021-08-16,"PUBLIC SCHOOL DISTRICT","MAGNOLIA SCHOOL DIST",14,NA,NA,22,NA,NA,"magnolia_school_dist",1402000,"MAGNOLIA SCHOOL DISTRICT",115,23,1374,122,5,0,947,2586,0.05,0.37,0.53,NA,5.41
"407",2021-08-16,"PUBLIC SCHOOL DISTRICT","PARAGOULD SCHOOL DIST",14,NA,NA,20,NA,NA,"paragould_school_dist",2808000,"PARAGOULD SCHOOL DISTRICT",108,15,235,200,8,68,2437,3071,0.07,0.79,0.08,NA,4.56
"408",2021-08-16,"PUBLIC SCHOOL DISTRICT","WEST MEMPHIS SCHOOL DIST",14,NA,NA,17,NA,NA,"west_memphis_school_dist",1803000,"WEST MEMPHIS SCHOOL DISTRICT",63,13,3843,91,1,0,1049,5060,0.02,0.21,0.76,NA,2.77
"409",2021-08-16,"PUBLIC SCHOOL DISTRICT","NETTLETON SCHOOL DIST",13,NA,NA,19,NA,NA,"nettleton_school_dist",1611000,"NETTLETON SCHOOL DISTRICT",169,47,1697,338,7,5,1148,3411,0.1,0.34,0.5,NA,3.81
"410",2021-08-16,"PUBLIC SCHOOL DISTRICT","VALLEY VIEW SCHOOL DIST",13,NA,NA,17,NA,NA,"valley_view_school_dist",1612000,"VALLEY VIEW SCHOOL DISTRICT",71,108,105,129,6,2,2452,2873,0.04,0.85,0.04,NA,4.52
"411",2021-08-16,"PUBLIC SCHOOL DISTRICT","MALVERN SCHOOL DIST",12,NA,NA,25,NA,NA,"malvern_school_dist",3004000,"MALVERN SCHOOL DISTRICT",177,8,553,199,6,1,961,1905,0.1,0.5,0.29,NA,6.3
"412",2021-08-16,"PUBLIC SCHOOL DISTRICT","MENA SCHOOL DIST",12,NA,NA,12,NA,NA,"mena_school_dist",5703000,"MENA SCHOOL DISTRICT",28,20,12,97,32,3,1525,1717,0.06,0.89,0.01,NA,6.99
"413",2021-08-16,"PUBLIC SCHOOL DISTRICT","ASHDOWN SCHOOL DIST",11,NA,NA,15,NA,NA,"ashdown_school_dist",4101000,"ASHDOWN SCHOOL DISTRICT",87,2,334,61,7,0,857,1348,0.05,0.64,0.25,NA,8.16
"414",2021-08-16,"PUBLIC SCHOOL DISTRICT","GREENE COUNTY TECH SCHOOL DIST",11,5,8,15,NA,NA,"greene_county_tech_school_dist",2807000,"GREENE COUNTY TECH SCHOOL DISTRICT",13,22,83,114,9,24,3260,3525,0.03,0.92,0.02,2.27,3.12
"415",2021-08-16,"PUBLIC SCHOOL DISTRICT","HIGHLAND SCHOOL DIST",11,NA,NA,18,NA,NA,"highland_school_dist",6804000,"HIGHLAND SCHOOL DISTRICT",9,3,21,34,3,3,1524,1597,0.02,0.95,0.01,NA,6.89
"416",2021-08-16,"PUBLIC SCHOOL DISTRICT","LISA ACADEMY",11,NA,NA,17,NA,NA,"lisa_academy",6041700,"LISA ACADEMY",122,223,1374,900,18,16,689,3342,0.27,0.21,0.41,NA,3.29
"417",2021-08-16,"PUBLIC SCHOOL DISTRICT","PRAIRIE GROVE SCHOOL DIST",11,NA,NA,17,NA,NA,"prairie_grove_school_dist",7206000,"PRAIRIE GROVE SCHOOL DISTRICT",47,23,43,139,61,5,1727,2045,0.07,0.84,0.02,NA,5.38
"418",2021-08-16,"PUBLIC SCHOOL DISTRICT","CAMDEN FAIRVIEW SCHOOL DIST",10,NA,NA,15,NA,NA,"camden_fairview_school_dist",5204000,"CAMDEN FAIRVIEW SCHOOL DISTRICT",93,14,1404,61,4,1,652,2229,0.03,0.29,0.63,NA,4.49
"419",2021-08-16,"PUBLIC SCHOOL DISTRICT","FARMINGTON SCHOOL DIST",10,NA,NA,11,NA,NA,"farmington_school_dist",7202000,"FARMINGTON SCHOOL DISTRICT",158,13,78,234,17,3,2069,2572,0.09,0.8,0.03,NA,3.89
"420",2021-08-16,"PUBLIC SCHOOL DISTRICT","GURDON SCHOOL DIST",10,0,6,12,NA,NA,"gurdon_school_dist",1003000,"GURDON SCHOOL DISTRICT",20,0,164,136,2,0,367,689,0.2,0.53,0.24,8.71,14.51
"421",2021-08-16,"PUBLIC SCHOOL DISTRICT","HARRISBURG SCHOOL DIST",10,NA,NA,12,NA,NA,"harrisburg_school_dist",5602000,"HARRISBURG SCHOOL DISTRICT",12,1,37,48,4,0,997,1099,0.04,0.91,0.03,NA,9.1
"422",2021-08-16,"PUBLIC SCHOOL DISTRICT","VILONIA SCHOOL DIST",10,NA,NA,15,NA,NA,"vilonia_school_dist",2307000,"VILONIA SCHOOL DISTRICT",2,6,55,135,16,4,2745,2963,0.05,0.93,0.02,NA,3.37
"423",2021-08-16,"PUBLIC SCHOOL DISTRICT","CLARKSVILLE SCHOOL DIST",9,NA,NA,13,NA,NA,"clarksville_school_dist",3601000,"CLARKSVILLE SCHOOL DISTRICT",100,202,27,875,6,14,1212,2436,0.36,0.5,0.01,NA,3.69
"424",2021-08-16,"PUBLIC SCHOOL DISTRICT","PINE BLUFF SCHOOL DIST",9,NA,NA,10,NA,NA,"pine_bluff_school_dist",3505000,"PINE BLUFF SCHOOL DISTRICT",23,13,2680,39,5,1,38,2799,0.01,0.01,0.96,NA,3.22
"425",2021-08-16,"PUBLIC SCHOOL DISTRICT","SOUTH CONWAY COUNTY SCHOOL DIST",9,NA,NA,15,NA,NA,"south_conway_county_school_dist",1507000,"SOUTH CONWAY COUNTY SCHOOL DISTRICT",157,9,380,173,8,6,1631,2364,0.07,0.69,0.16,NA,3.81
"426",2021-08-16,"PUBLIC SCHOOL DISTRICT","STUTTGART SCHOOL DIST",9,NA,NA,12,NA,NA,"stuttgart_school_dist",104000,"STUTTGART SCHOOL DISTRICT",72,16,700,129,4,0,644,1565,0.08,0.41,0.45,NA,5.75
"427",2021-08-16,"PUBLIC SCHOOL DISTRICT","WYNNE SCHOOL DIST",9,NA,NA,12,NA,NA,"wynne_school_dist",1905000,"WYNNE SCHOOL DISTRICT",35,29,784,74,4,0,1642,2568,0.03,0.64,0.31,NA,3.5
"428",2021-08-16,"PUBLIC SCHOOL DISTRICT","BROOKLAND SCHOOL DIST",8,NA,NA,16,NA,NA,"brookland_school_dist",1603000,"BROOKLAND SCHOOL DISTRICT",48,14,80,124,3,0,2488,2757,0.04,0.9,0.03,NA,2.9
"429",2021-08-16,"PUBLIC SCHOOL DISTRICT","CLINTON SCHOOL DIST",8,NA,NA,9,NA,NA,"clinton_school_dist",7102000,"CLINTON SCHOOL DISTRICT",15,5,5,89,2,0,1122,1238,0.07,0.91,0,NA,6.46
"430",2021-08-16,"PUBLIC SCHOOL DISTRICT","CROSSETT SCHOOL DIST",8,NA,NA,10,NA,NA,"crossett_school_dist",201000,"CROSSETT SCHOOL DISTRICT",33,8,520,45,1,0,962,1569,0.03,0.61,0.33,NA,5.1
"431",2021-08-16,"PUBLIC SCHOOL DISTRICT","HUNTSVILLE SCHOOL DIST",8,NA,NA,10,NA,NA,"huntsville_school_dist",4401000,"HUNTSVILLE SCHOOL DISTRICT",62,14,6,232,15,83,1770,2182,0.11,0.81,0,NA,3.67
"432",2021-08-16,"PUBLIC SCHOOL DISTRICT","LAWRENCE COUNTY SCHOOL DIST",8,NA,NA,12,NA,NA,"lawrence_county_school_dist",3810000,"LAWRENCE COUNTY SCHOOL DISTRICT",38,8,3,35,7,1,827,919,0.04,0.9,0,NA,8.71
"433",2021-08-16,"PUBLIC SCHOOL DISTRICT","LONOKE SCHOOL DIST",8,NA,NA,13,NA,NA,"lonoke_school_dist",4301000,"LONOKE SCHOOL DISTRICT",56,6,349,138,4,0,1034,1587,0.09,0.65,0.22,NA,5.04
"434",2021-08-16,"PUBLIC SCHOOL DISTRICT","MARMADUKE SCHOOL DIST",8,NA,NA,9,NA,NA,"marmaduke_school_dist",2803000,"MARMADUKE SCHOOL DISTRICT",10,0,1,17,2,0,618,648,0.03,0.95,0,NA,12.35
"435",2021-08-16,"PUBLIC SCHOOL DISTRICT","NASHVILLE SCHOOL DIST",8,0,11,11,NA,NA,"nashville_school_dist",3105000,"NASHVILLE SCHOOL DISTRICT",21,7,423,437,4,3,983,1878,0.23,0.52,0.23,5.86,4.26
"436",2021-08-16,"PUBLIC SCHOOL DISTRICT","SEARCY COUNTY SCHOOL DIST",8,NA,NA,10,NA,NA,"searcy_county_school_dist",6502000,"SEARCY COUNTY SCHOOL DISTRICT",17,1,1,19,1,0,689,728,0.03,0.95,0,NA,10.99
"437",2021-08-16,"PUBLIC SCHOOL DISTRICT","ATKINS SCHOOL DIST",7,NA,NA,7,NA,NA,"atkins_school_dist",5801000,"ATKINS SCHOOL DISTRICT",20,0,19,25,0,1,866,931,0.03,0.93,0.02,NA,7.52
"438",2021-08-16,"PUBLIC SCHOOL DISTRICT","BATESVILLE SCHOOL DIST",7,NA,NA,14,NA,NA,"batesville_school_dist",3201000,"BATESVILLE SCHOOL DISTRICT",67,42,182,784,10,7,1967,3059,0.26,0.64,0.06,NA,2.29
"439",2021-08-16,"PUBLIC SCHOOL DISTRICT","BAUXITE SCHOOL DIST",7,NA,NA,10,NA,NA,"bauxite_school_dist",6301000,"BAUXITE SCHOOL DISTRICT",25,5,42,66,7,0,1449,1594,0.04,0.91,0.03,NA,4.39
"440",2021-08-16,"PUBLIC SCHOOL DISTRICT","BERRYVILLE SCHOOL DIST",7,NA,NA,8,NA,NA,"berryville_school_dist",801000,"BERRYVILLE SCHOOL DISTRICT",26,33,5,498,7,87,1176,1832,0.27,0.64,0,NA,3.82
"441",2021-08-16,"PUBLIC SCHOOL DISTRICT","GENTRY SCHOOL DIST",7,NA,NA,9,NA,NA,"gentry_school_dist",403000,"GENTRY SCHOOL DISTRICT",133,121,7,229,49,5,900,1444,0.16,0.62,0,NA,4.85
"442",2021-08-16,"PUBLIC SCHOOL DISTRICT","GREENBRIER SCHOOL DIST",7,5,12,17,NA,NA,"greenbrier_school_dist",2303000,"GREENBRIER SCHOOL DISTRICT",72,17,67,131,14,3,3264,3568,0.04,0.91,0.02,3.36,1.96
"443",2021-08-16,"PUBLIC SCHOOL DISTRICT","OZARK SCHOOL DIST",7,NA,NA,8,NA,NA,"ozark_school_dist",2404000,"OZARK SCHOOL DISTRICT",49,11,2,58,20,6,1591,1737,0.03,0.92,0,NA,4.03
"444",2021-08-16,"PUBLIC SCHOOL DISTRICT","COSSATOT RIVER SCHOOL DIST",6,NA,NA,7,NA,NA,"cossatot_river_school_dist",5707000,"COSSATOT RIVER SCHOOL DISTRICT",41,0,3,253,27,3,579,906,0.28,0.64,0,NA,6.62
"445",2021-08-16,"PUBLIC SCHOOL DISTRICT","GREENLAND SCHOOL DIST",6,0,6,6,NA,NA,"greenland_school_dist",7204000,"GREENLAND SCHOOL DISTRICT",50,2,10,54,6,2,619,743,0.07,0.83,0.01,8.08,8.08
"446",2021-08-16,"PUBLIC SCHOOL DISTRICT","JACKSONVILLE NORTH PULASKI SCHOOL DIST",6,NA,NA,13,NA,NA,"jacksonville_north_pulaski_school_dist",6004000,"JACKSONVILLE NORTH PULASKI SCHOOL DISTRICT",155,32,2004,289,18,5,1278,3781,0.08,0.34,0.53,NA,1.59
"447",2021-08-16,"PUBLIC SCHOOL DISTRICT","PEA RIDGE SCHOOL DIST",6,NA,NA,9,NA,NA,"pea_ridge_school_dist",407000,"PEA RIDGE SCHOOL DISTRICT",30,16,25,183,35,4,1923,2216,0.08,0.87,0.01,NA,2.71
"448",2021-08-16,"PUBLIC SCHOOL DISTRICT","STAR CITY SCHOOL DIST",6,NA,NA,8,NA,NA,"star_city_school_dist",4003000,"STAR CITY SCHOOL DISTRICT",48,5,255,122,2,0,944,1376,0.09,0.69,0.19,NA,4.36
"449",2021-08-16,"PUBLIC SCHOOL DISTRICT","WHITE HALL SCHOOL DIST",6,NA,NA,14,NA,NA,"white_hall_school_dist",3510000,"WHITE HALL SCHOOL DISTRICT",78,98,686,84,5,12,1943,2906,0.03,0.67,0.24,NA,2.06
"450",2021-08-16,"PUBLIC SCHOOL DISTRICT","DANVILLE SCHOOL DIST",5,NA,NA,6,NA,NA,"danville_school_dist",7503000,"DANVILLE SCHOOL DISTRICT",13,14,7,395,0,0,342,771,0.51,0.44,0.01,NA,6.49
"451",2021-08-16,"PUBLIC SCHOOL DISTRICT","FLIPPIN SCHOOL DIST",5,NA,NA,6,NA,NA,"flippin_school_dist",4501000,"FLIPPIN SCHOOL DISTRICT",21,3,1,22,2,1,795,845,0.03,0.94,0,NA,5.92
"452",2021-08-16,"PUBLIC SCHOOL DISTRICT","FOUNTAIN LAKE SCHOOL DIST",5,NA,NA,6,NA,NA,"fountain_lake_school_dist",2602000,"FOUNTAIN LAKE SCHOOL DISTRICT",55,4,5,124,6,1,1121,1316,0.09,0.85,0,NA,3.8
"453",2021-08-16,"PUBLIC SCHOOL DISTRICT","GLEN ROSE SCHOOL DIST",5,0,10,10,NA,NA,"glen_rose_school_dist",3002000,"GLEN ROSE SCHOOL DISTRICT",29,1,9,36,9,0,914,998,0.04,0.92,0.01,10.02,5.01
"454",2021-08-16,"PUBLIC SCHOOL DISTRICT","GREENWOOD SCHOOL DIST",5,NA,NA,10,NA,NA,"greenwood_school_dist",6602000,"GREENWOOD SCHOOL DISTRICT",213,59,32,190,82,7,3143,3726,0.05,0.84,0.01,NA,1.34
"455",2021-08-16,"PUBLIC SCHOOL DISTRICT","LINCOLN SCHOOL DIST",5,NA,NA,6,NA,NA,"lincoln_school_dist",7205000,"LINCOLN SCHOOL DISTRICT",42,31,6,97,36,2,793,1007,0.1,0.79,0.01,NA,4.97
"456",2021-08-16,"PUBLIC SCHOOL DISTRICT","WARREN SCHOOL DIST",5,NA,NA,6,NA,NA,"warren_school_dist",602000,"WARREN SCHOOL DISTRICT",41,0,519,386,6,1,576,1529,0.25,0.38,0.34,NA,3.27
